AM02,1,http://www.altimetrias.net/aspbk/verPerfilusu.asp?id=767
AM09,1,http://www.altimetrias.net/aspbk/verPuerto.asp?id=363
AM09,1,http://andaluciacicloturismo.wordpress.com/2014/01/07/tetica-de-bacares-por-velefique-la-gran-ubre/
AM04,1,"http://3.bp.blogspot.com/__26iSnLHYMk/TGpQzZ0VpZI/AAAAAAAAASQ/aOF3C8ZA4aQ/s1600/El+Marchal+de+Enix+(1020m)+(desde+El+Parador-Roquetas)+(01)+Perfil+(16,3k-5,89%25)+(177C)+(1Âª).jpg"
AM04,2,http://fotos.subefotos.com/f13d9892fe9dcb9cffc519abf9c11657o.png
AM11,1,"http://1.bp.blogspot.com/__26iSnLHYMk/TGpVqv76jaI/AAAAAAAAAVQ/kiPifRdoQKY/s1600/La+Virgen+(1070m)+(desde+Albanchez)+(01)+Perfil+(15,28-4,09%25)+(92C)+(2Âª).jpg"
CD04,1,"http://3.bp.blogspot.com/__26iSnLHYMk/TGpTq-bj65I/AAAAAAAAATg/d6z26BoqtVA/s1600/Gibraltar+%28387m%29+%28desde+Ragged+Staff%29+%2801%29+Perfil+%283,89k-9,74%25%29+%28125C%29+%281%C2%AA%29.jpg"
ML19,1,http://www.altimetrias.net/aspbk/verPerfilusu.asp?id=448
GR21,1,http://www.altimetrias.net/aspbk/verPerfilusu.asp?id=515
GR09,1,http://www.altimetrias.net/aspbk/verPuerto.asp?id=522
ML02,1,http://www.ciclopiratas.com/altigrafias.php?id=4
TE14,1,http://www.altimetrias.net/aspbk/verPerfilusu.asp?id=715
TE14,1,http://www.puertos-en-bici.com/2013/08/puerto-de-san-cristobal.html
SC16,1,http://apmforo.mforos.com/1608737/8157958-propuesta-n-29-alto-de-apartacaminos-la-gomera/
SC16,2,http://apmforo.mforos.com/1608737/8157958-propuesta-n-29-alto-de-apartacaminos-la-gomera/
SC16,3,http://apmforo.mforos.com/1608737/8157958-propuesta-n-29-alto-de-apartacaminos-la-gomera/
CA12,1,http://www.altimetrias.net/aspbk/verPuerto.asp?id=520
CA12,1,http://www.puertos-en-bici.com/2014/04/puerto-del-caracol.html
CA12,2,http://www.altimetrias.net/aspbk/verPerfilusu.asp?id=782
CA12,2,http://recorridosciclistascantabria.blogspot.com.es/2011/09/caracol-por-lierganes.html
AB01,1,http://www.altimetrias.net/aspbk/verPerfilusu.asp?id=221
CA08,1,http://www.altimetrias.net/aspbk/verPuerto.asp?id=183
CU05,1,http://www.altimetrias.net/aspbk/verPuerto.asp?id=277
AV08,1,http://www.altimetrias.net/aspbk/verPuerto.asp?id=478
SA01,1,http://www.altimetrias.net/aspbk/verPerfilusu.asp?id=487
SA01,1,http://www.puertos-en-bici.com/2013/11/puerto-del-cerro.html
CD01,1,http://www.altimetrias.net/aspbk/verPuerto.asp?id=409
CD01,2,http://www.altimetrias.net/aspbk/verPuerto.asp?id=466
JA10,1,http://fotos.subefotos.com/c363af70965209a5cd6eb3db26b6424do.png
JA10,2,http://www.altimetrias.net/aspbk/verPerfilusu.asp?id=1564
SA05,1,http://tresplatos.com/altimetrias/alt-Lagunilla-Abadia.gif
SA05,1,http://www.puertos-en-bici.com/2013/11/puerto-de-lagunilla.html
SO04,1,http://www.altimetrias.net/aspbk/verPuerto.asp?id=654
GP12,1,http://www.altimetrias.net/aspbk/verPuerto.asp?id=672
GR16,1,http://www.altimetrias.net/aspbk/verPerfilusu.asp?id=896
SO05,1,http://www.altimetrias.net/aspbk/verPuerto.asp?id=294
CO07,1,http://www.altimetrias.net/aspbk/verPerfilusu.asp?id=630
AL11,1,http://www.altimetrias.net/aspbk/verPuerto.asp?id=500
OU03,1,http://www.salite.ch/Portogallo/leonte1.gif
CS03,1,http://www.altimetrias.net/aspbk/verPuerto.asp?id=402
GR03,1,http://www.altimetrias.net/aspbk/verPuerto.asp?id=420
GR02,1,http://fotos.miarroba.com/fotos/f/3/f3b29805.jpg
GR02,2,http://www.altimetrias.net/aspbk/verPerfilusu.asp?id=911
GR13,1,http://www.altimetrias.net/aspbk/verPuerto.asp?id=512
AL07,1,http://www.altimetrias.net/aspbk/verPuerto.asp?id=188
LU01,1,http://www.altimetrias.net/aspbk/verPerfilusu.asp?id=1633
LU01,1,http://apmforo.mforos.com/1608737/8149441-propuesta-n-22-o-boi-lugo-por-rio-lor/
LU01,2,http://www.altimetrias.net/aspbk/verPerfilusu.asp?id=1641
LU01,3,http://www.altimetrias.net/aspbk/verPerfilusu.asp?id=1645
LU01,4,http://www.altimetrias.net/aspbk/verPerfilusu.asp?id=1616
SO08,1,http://www.altimetrias.net/aspbk/verPuerto.asp?id=162
AV01,1,http://www.altimetrias.net/aspbk/verPuerto.asp?id=503
GP02,1,http://www.altimetrias.net/aspbk/verPerfilusu.asp?id=765
GR10,1,http://www.altimetrias.net/aspbk/verPuerto.asp?id=465
GR10,1,https://andaluciacicloturismo.wordpress.com/2013/05/05/puerto-de-la-ragua-lucerna-entre-la-alpujarra-y-el-marquesado/
GR10,2,http://www.altimetrias.net/aspbk/verPuerto.asp?id=371
GR10,2,http://www.altimetrias.net/aspbk/verPerfilusu.asp?id=1529
GP04,1,http://www.altimetrias.net/aspbk/verPuerto.asp?id=204
GP04,1,http://www.altimetrias.net/aspbk/verPerfilusu.asp?id=104
PO05,1,http://www.altimetrias.net/aspbk/verPerfilusu.asp?id=849
PO05,1,http://www.desdemispedales.com/altimetrias/espana/galicia/pontevedra/item/22-a-groba
VA02,1,http://www.altimetrias.net/aspbk/verPerfilusu.asp?id=478
VA02,1,http://www.puertos-en-bici.com/2013/11/alto-del-pi.html
VA02,2,http://www.altimetrias.net/aspbk/verPerfilusu.asp?id=485
VA05,1,http://www.altimetrias.net/aspbk/verPerfilusu.asp?id=1556
CA17e,1,http://www.altimetrias.net/aspbk/verPuerto.asp?id=62
CA17e,1,http://recorridosciclistascantabria.blogspot.com.es/2014/10/n-s-de-las-nieves-por-guriezo.html
CA17e,2,http://recorridosciclistascantabria.blogspot.com.es/2011/12/hoyomenor-por-ampuero.html
VA01,1,http://www.altimetrias.net/aspbk/verPerfilusu.asp?id=493
VA01,2,http://www.altimetrias.net/aspbk/verPerfilusu.asp?id=494
OU07,1,http://fotos.subefotos.com/15ebfb90f6875881f26a3f34d4989aa8o.jpg
GR17,1,http://www.altimetrias.net/aspbk/verPuerto.asp?id=542
GR17,1,http://andaluciacicloturismo.wordpress.com/2013/05/13/haza-del-lino-rubite-encrucijada-de-la-contraviesa/
GR17,2,http://www.altimetrias.net/aspbk/verPerfilusu.asp?id=1243
GR17,3,http://fotos.subefotos.com/1be71fb077abbbc40e4e7bae4f327713o.jpg
GR17,4,http://www.altimetrias.net/aspbk/verPuerto.asp?id=417
CS19,1,http://www.puertos-en-bici.com/2013/07/subida-la-salada.html
CS19,1,http://www.altimetrias.net/aspbk/verPerfilusu.asp?id=617
OU04,1,http://fotos.subefotos.com/430bd66b231d14aca8b46d8ecaf10b36o.jpg
CC07,1,http://www.altimetrias.net/aspbk/verPerfilusu.asp?id=592
AB05e,1,http://www.altimetrias.net/aspbk/verPerfilusu.asp?id=173
VA09,1,http://www.altimetrias.net/aspbk/verPerfilusu.asp?id=496
OU13,1,http://www.altimetrias.net/aspbk/verPerfilusu.asp?id=1619
OU13,1,http://apmforo.mforos.com/1811138/9281698-propuesta-de-inclusion-n-30-a-pedralta-ourense/
ZM02e,1,http://www.altimetrias.net/aspbk/verPerfilusu.asp?id=581
NA15,1,http://www.altimetrias.net/aspbk/verPerfilusu.asp?id=685
BU10e,1,http://www.altimetrias.net/aspbk/verPerfilusu.asp?id=543
VA06e,1,http://www.adrianlorente.com/puertos/datos/V/negrete01.html
VA06e,1,http://www.altimetrias.net/aspbk/verPerfilusu.asp?id=1291
CD05,1,http://puertosdeandaluciaenbici.blogspot.com.es/2014/11/medina-sidonia-ca-204-296-m.html
NA02,1,http://www.altimetrias.net/aspbk/verPerfilusu.asp?id=1496
NA02,3,http://apmforo.mforos.com/401631/8658991-otxondo-gorramakil/
BI15,1,http://www.altimetrias.net/aspbk/verPuerto.asp?id=301
CD09,1,http://andaluciacicloturismo.wordpress.com/2014/10/22/penon-del-berrueco-divisoria-de-espacios-naturales/
CD09,1,http://apmforo.mforos.com/401631/8348049-altimetria-del-mojon-de-la-vibora-cadiz/
CD10,1,http://www.altimetrias.net/aspbk/verPerfilusu.asp?id=1098
CD10,1,http://apmforo.mforos.com/1934457/10668195-propuesta-n-14-inclusion-pico-montero-cadiz/
CD06,1,http://www.altimetrias.net/aspbk/verPuerto.asp?id=492
CD06,1,http://andaluciacicloturismo.wordpress.com/2014/08/24/pedro-ruiz-la-manga-de-villaluenga/
CD08,1,http://www.altimetrias.net/aspbk/verPuerto.asp?id=431
CD08,1,http://andaluciacicloturismo.wordpress.com/2014/02/22/puerto-de-el-boyar-lo-bello-para-serlo-no-necesita-de-elogios/
GR15,2,http://fotos.subefotos.com/cb01f761d8d39927b9c86aa1dd41672do.jpg
JA12,1,http://www.dessafio.org/Comarca/PuertosdecarreteraenlaSierraSur.aspx#Sierra%20Ahillos
ML18,1,http://www.altimetrias.net/aspbk/verPuerto.asp?id=378
LP09,1,http://fotos.miarroba.com/fotos/d/4/d436ba10.jpg
CO08,1,http://www.altimetrias.net/aspbk/verPerfilusu.asp?id=742
ML10,1,http://www.altimetrias.net/aspbk/verPuerto.asp?id=320
ML10,2,http://www.altimetrias.net/aspbk/verPuerto.asp?id=340
AT11,1,http://www.altimetrias.net/aspbk/verPuerto.asp?id=258
SC14,1,http://apmforo.mforos.com/1608737/8196260-propuesta-n-43-taucho-s-c-de-tenerife/
SC14,2,http://apmforo.mforos.com/1608737/8196260-propuesta-n-43-taucho-s-c-de-tenerife/
SC08,1,http://www.altimetrias.net/aspbk/verPerfilusu.asp?id=679
SC07,1,http://www.altimetrias.net/aspbk/verPuerto.asp?id=146
SC07,2,http://www.buscalapalma.com/ciclismo/perfilerjossur/Erjos%20Sur.png
LP10,1,http://apmforo.mforos.com/1608737/8158344-propuesta-n-31-pinar-de-tamadaba-las-palmas/
AV04,1,http://www.salite.ch/E/serranillos1.gif
AV04,1,http://www.altimetrias.net/aspbk/verPerfilusu.asp?id=231
AV04,3,http://39x28altimetrias.com/serranillosnorte.html
BA01,1,http://www.altimetrias.net/aspbk/verPuerto.asp?id=155
BA18,1,http://www.ramacabici.com/altimetrias/capolat.htm
LL22,1,http://www.adrianlorente.com/puertos/datos/L/bassaoles02.html
LL18,1,http://www.ramacabici.com/altimetrias/artigalin.htm
LL18,1,http://www.adrianlorente.com/puertos/datos/L/artigalin.html
SC12,1,http://www.altimetrias.net/aspbk/verPuerto.asp?id=138
AS20,1,http://www.altimetrias.net/aspbk/verPerfilusu.asp?id=653
LP08,2,http://www.altimetrias.net/aspbk/verPuerto.asp?id=545
SC01,2,http://www.buscalapalma.com/ciclismo/fotos%20el%20pilar%2001.12.2007/index.htm
AV13,1,http://www.altimetrias.net/aspbk/verPerfilusu.asp?id=198
GR19,1,http://www.altimetrias.net/aspbk/verPerfilusu.asp?id=1247
BA04,1,http://www.altimetrias.net/aspbk/verPuerto.asp?id=157
IB13,1,http://www.cicloide.com/ports/port.asp?ID=863
BA12,1,http://www.altimetrias.net/aspbk/verPuerto.asp?id=404
SC03,1,http://www.altimetrias.net/aspbk/verPuerto.asp?id=140
SC03,2,http://www.altimetrias.net/aspbk/verPuerto.asp?id=154
ML17,1,http://www.altimetrias.net/aspbk/verPuerto.asp?id=315
ML17,2,http://www.altimetrias.net/aspbk/verPuerto.asp?id=419
AV17,1,http://www.altimetrias.net/aspbk/verPerfilusu.asp?id=208
LL02,1,http://www.altimetrias.net/aspbk/verPuerto.asp?id=272
LL02,1,http://www.adrianlorente.com/puertos/datos/L/boitaull.html
GR05,1,http://www.altimetrias.net/aspbk/verPuerto.asp?id=382
GR05,1,http://andaluciacicloturismo.wordpress.com/2014/01/11/cumbres-verdes-por-la-zubia-el-recto-camino/
GU03,1,http://www.altimetrias.net/aspbk/verPuerto.asp?id=531
GU03,2,http://www.altimetrias.net/Guadalajara/AltoRey2.gif
TA06,1,http://www.cicloide.com/ports/port.asp?ID=42
CA13,1,http://www.altimetrias.net/aspbk/verPuerto.asp?id=678
CA13,1,http://recorridosciclistascantabria.blogspot.com/2011/10/salto-de-la-cabra.html
LL09,1,http://www.adrianlorente.com/puertos/datos/L/beret.html
GP08,1,http://www.altimetrias.net/aspbk/verPuerto.asp?id=302
CA14,1,http://www.altimetrias.net/aspbk/verPuerto.asp?id=386
CA14,1,http://www.desdemispedales.com/altimetrias/espana/cantabria/item/185-el-escudo
CA10,1,http://www.altimetrias.net/aspbk/verPuerto.asp?id=246
CA10,2,http://www.altimetrias.net/aspbk/verPuerto.asp?id=247
CA10,2,http://www.puertos-en-bici.com/2014/04/puerto-de-la-braguia.html
CU10,1,http://www.altimetrias.net/aspbk/verPuerto.asp?id=494
CU10,2,http://www.altimetrias.net/aspbk/verPerfilusu.asp?id=1064
SA06,1,http://www.altimetrias.net/aspbk/verPerfilusu.asp?id=495
SA06,1,http://www.puertos-en-bici.com/2013/09/puerto-de-la-pena-de-francia.html
SA06,2,http://www.altimetrias.net/aspbk/verPerfilusu.asp?id=599
SA09,1,http://www.altimetrias.net/aspbk/verPerfilusu.asp?id=666
SA09,2,http://www.desdemispedales.com/altimetrias/espana/castilla-y-leon/salamanca/item/181-mogarraz
CA03,1,http://www.altimetrias.net/aspbk/verPuerto.asp?id=168
CA03,1,http://recorridosciclistascantabria.blogspot.com.es/2013/11/san-glorio-llesba-por-potes.html
TOO1,2,http://www.altimetrias.net/aspbk/verPerfilusu.asp?id=1621
TOO1,3,http://www.altimetrias.net/aspbk/verPerfilusu.asp?id=1451
TOO1,3,http://fotos.miarroba.com/fotos/b/d/bdf3904f.jpg
ML14,1,http://www.altimetrias.net/aspbk/verPuerto.asp?id=387
ML14,1,http://andaluciacicloturismo.wordpress.com/2014/02/18/boquete-de-zafarraya-roca-hendida/
GR18,1,http://www.altimetrias.net/aspbk/verPuerto.asp?id=399
GR18,2,http://andaluciacicloturismo.wordpress.com/2014/02/11/pico-veleta-por-haza-llana-o-rei/
GR11,1,http://www.altimetrias.net/aspbk/verPerfilusu.asp?id=845
SA03,1,http://fotos.miarroba.com/fotos/0/f/0fa01f45.jpg
SA03,1,http://www.puertos-en-bici.com/2013/08/alto-del-travieso.html
CU04,1,http://www.altimetrias.net/aspbk/verPerfilusu.asp?id=1449
PO09,1,http://fotos.miarroba.com/fotos/1/a/1a46f5e8.jpg
PO09,2,http://puertos-pontevedra.blogspot.com.es/2009/05/monte-cepudo-por-s-andres-de-comesana-y.html
ML12,1,http://www.altimetrias.net/aspbk/verPuerto.asp?id=521
CU01,1,http://www.altimetrias.net/aspbk/verPerfilusu.asp?id=1452
CA15,1,http://www.altimetrias.net/aspbk/verPuerto.asp?id=280
MA06,1,http://www.altimetrias.net/aspbk/verPuerto.asp?id=287
LE01,1,http://www.altimetrias.net/aspbk/verPuerto.asp?id=319
LE01,1,http://www.desdemispedales.com/altimetrias/espana/castilla-y-leon/leon/item/35-el-penon-por-truchas
AC06,1,http://www.altimetrias.net/aspbk/verPerfilusu.asp?id=93
LU15,1,http://www.altimetrias.net/foro/fotos/verFotospuertos.asp?id=363
LU15,1,http://apmforo.mforos.com/1608737/8144129-propuesta-n-18-a-moa-lugo/
LR01,1,http://www.altimetrias.net/aspbk/verPuerto.asp?id=22
PR19,1,http://fotos.miarroba.es/fo/1774/124ECC4A732A4E8B7202304E8B6A04.jpg
PR19,2,http://apmforo.mforos.com/1934457/10679367-propuesta-n-25-nueva-vertiente-de-s-antonio-por-gave-parque-eolico-y-vertiente-sur/
PR19,2,http://apmforo.mforos.com/401631/9613389-descubriendo-portugal/?pag=3#95666682
PO02,1,http://www.altimetrias.net/aspbk/verPerfilusu.asp?id=288
LU21,1,http://www.altimetrias.net/aspbk/verPerfilusu.asp?id=1003
LU21,1,http://apmforo.mforos.com/1811138/9351892-propuesta-de-inclusion-n-59-cruz-de-barreiros-lugo/
MU06,1,http://www.altimetrias.net/aspbk/verPerfilusu.asp?id=1124
AL12,1,http://www.altimetrias.net/aspbk/verPuerto.asp?id=281
AL12,1,http://blog.svningenieria.es/2015/06/santuario-de-oro-desde-bitoriano.html
AB06,1,http://39x28altimetrias.com/lomadelaalbardasur.html
AB06,1,http://www.altimetrias.net/aspbk/verPerfilusu.asp?id=255
LU11,1,http://www.altimetrias.net/aspbk/verPerfilusu.asp?id=1609
LU11,1,http://fotos.subefotos.com/6322087076c9016be81d8ed5173f4afbo.jpg
LE16,1,http://www.altimetrias.net/aspbk/verPerfilusu.asp?id=1091
PO14,1,http://www.altimetrias.net/aspbk/verPerfilusu.asp?id=744
PO14,1,http://apmforo.mforos.com/1811138/9284723-propuesta-de-inclusion-n-33-san-nomedio-pontevedra/
BI17,1,http://www.altimetrias.net/aspbk/verPuerto.asp?id=279
CS11,1,http://www.altimetrias.net/aspbk/verPerfilusu.asp?id=633
CS11,3,http://www.altimetrias.net/aspbk/verPerfilusu.asp?id=634
CS11,3,http://www.puertos-en-bici.com/2014/04/puerto-del-remolcador.html
CS02,1,http://www.altimetrias.net/aspbk/verPerfilusu.asp?id=1034
CS02,1,http://altimetriasrutascastellon.blogspot.com.es/2008/01/coll-de-bel.html
LE06e,1,http://www.altimetrias.net/aspbk/verPuerto.asp?id=105
PR09,1,http://fotos.subefotos.com/96ad49987c64e37ce1a9b2ae40bc666bo.png
PR09,2,http://fotos.subefotos.com/c966010f6b30b9681a9a710d842cd4cdo.png
AM05,1,http://www.altimetrias.net/aspbk/verPuerto.asp?id=425
LE12,1,http://www.altimetrias.net/aspbk/verPuerto.asp?id=293
NA10,2,http://blog.svningenieria.es/2015/06/puerto-de-belate-desde-aniz.html
AL03,1,http://www.altimetrias.net/aspbk/verPuerto.asp?id=418
GP09,1,http://www.altimetrias.net/aspbk/verPuerto.asp?id=242
GP09,4,http://www.altimetrias.net/aspbk/verPuerto.asp?id=669
GP09,5,http://apmforo.mforos.com/1934457/10677337-propuesta-n-22-nuevas-vertientes-de-azurki-por-azkoitia-y-elgoibar/
NA14,1,http://www.altimetrias.net/aspbk/verPuerto.asp?id=389
BU05,1,http://www.altimetrias.net/aspbk/verPuerto.asp?id=29
OU09,1,http://fotos.subefotos.com/63337ac9a674cc86e10f7a2d90bba557o.png
OU09,2,http://www.altimetrias.net/aspbk/verPerfilusu.asp?id=1630
LE13,1,http://www.altimetrias.net/aspbk/verPuerto.asp?id=275
LE13,1,http://puertosdeleon.blogspot.com.es/2014/06/llano-de-las-ovejas.html
LE13,2,http://www.altimetrias.net/aspbk/verPuerto.asp?id=278
BI13,1,http://www.altimetrias.net/aspbk/verPerfilusu.asp?id=74
BI13,2,http://www.altimetrias.net/aspbk/verPuerto.asp?id=662
BI13,4,http://www.altimetrias.net/aspbk/verPerfilusu.asp?id=1569
BI13,4,http://fotos.subefotos.com/892be414af15e340c3695a2583568690o.jpg
BI13,5,http://www.altimetrias.net/aspbk/verPuerto.asp?id=671
AT03,1,http://www.altimetrias.net/aspbk/verPerfilusu.asp?id=983
BI12,1,http://www.altimetrias.net/aspbk/verPuerto.asp?id=454
BI09,1,http://www.altimetrias.net/aspbk/verPuerto.asp?id=516
AT13,1,http://www.altimetrias.net/aspbk/verPerfilusu.asp?id=1385
GR08,1,https://andaluciacicloturismo.wordpress.com/2015/02/11/poyos-del-pescado-mirador-de-la-cabra-montes/
GR08,1,http://www.altimetrias.net/aspbk/verPerfilusu.asp?id=1108
AM10,1,http://www.altimetrias.net/aspbk/verPuerto.asp?id=427
AM10,1,http://fotos.subefotos.com/9573f971d0508f025b4fad33bdc122a6o.png
AM10,2,http://www.altimetrias.net/aspbk/verPerfilusu.asp?id=519
SO09,1,http://www.altimetrias.net/aspbk/verPuerto.asp?id=37
SO09,2,http://www.altimetrias.net/aspbk/verPuerto.asp?id=36
MU11,1,http://www.altimetrias.net/aspbk/verPuerto.asp?id=603
MU03,1,http://www.altimetrias.net/aspbk/verPuerto.asp?id=628
MU08,1,http://www.altimetrias.net/aspbk/verPerfilusu.asp?id=1215
CA01,1,http://www.altimetrias.net/aspbk/verPuerto.asp?id=167
CA01,1,http://blog.svningenieria.es/2014/09/pena-cabarga.html
NA06,1,http://www.altimetrias.net/aspbk/verPuerto.asp?id=333
CS08,1,http://www.altimetrias.net/aspbk/verPuerto.asp?id=379
CS08,1,http://altimetriasrutascastellon.blogspot.com.es/2008/12/mas-da-costa.html
CS06,1,http://www.altimetrias.net/aspbk/verPerfilusu.asp?id=530
CS06,1,http://altimetriasrutascastellon.blogspot.com.es/2008/02/la-sarratella.html
VA08,1,http://www.altimetrias.net/aspbk/verPerfilusu.asp?id=701
AM08,1,http://www.altimetrias.net/aspbk/verPuerto.asp?id=388
AM08,2,http://www.altimetrias.net/aspbk/verPuerto.asp?id=369
AM08,3,http://www.altimetrias.net/aspbk/verPerfilusu.asp?id=881
AM08,3,http://www.ramacabici.com/altimetrias/almeria/calaralto02.htm
AM08,4,http://www.altimetrias.net/aspbk/verPuerto.asp?id=376
AM08,4,http://www.ramacabici.com/altimetrias/almeria/calaralto01.htm
GI12,1,http://www.altimetrias.net/aspbk/verPerfilusu.asp?id=509
GI16,1,http://www.altimetrias.net/aspbk/verPerfilusu.asp?id=451
GI16,2,http://www.ramacabici.com/altimetrias/jouogassa.htm
GI16,2,http://www.bicivicigarrotxa.org/altimetries/cat/joustjoan.html
VA07,1,http://fotos.subefotos.com/0157bd1bb4f0585533a855d33a6e141bo.jpg
LL16,1,http://www.altimetrias.net/aspbk/verPuerto.asp?id=535
BA14,1,http://www.ramacabici.com/altimetrias/fumanya.htm
CC10,1,http://www.altimetrias.net/aspbk/verPuerto.asp?id=453
CC10,2,http://39x28altimetrias.com/puertodehondurasporhervas.html
CC10,2,http://www.altimetrias.net/aspbk/verPerfilusu.asp?id=344
CC09,1,http://www.altimetrias.net/aspbk/verPerfilusu.asp?id=1627
CC09,1,http://andaluciacicloturismo.wordpress.com/2013/09/06/pico-villuercas-desde-rio-almonte-el-camino-de-las-acebadillas/
CC09,2,http://www.altimetrias.net/aspbk/verPuerto.asp?id=397
HU12,1,http://www.altimetrias.net/aspbk/verPuerto.asp?id=458
HU12,1,http://www.zanibike.net/altimetria/2691/Spagna/salita_Puerto+de+Cotefablo+-+Biescas.aspx
HU12,2,http://www.altimetrias.net/aspbk/verPerfilusu.asp?id=1234
HU12,2,http://www.zanibike.net/altimetria/2851/Spagna/salita_Puerto+de+Cotefablo+-+Broto.aspx
BA08,1,http://www.ramacabici.com/altimetrias/palcollde.htm
PO10,1,http://www.altimetrias.net/aspbk/verPerfilusu.asp?id=114
TA11,1,http://www.cicloide.com/ports/port.asp?ID=23
TA11,1,http://www.altimetrias.net/aspbk/verPerfilusu.asp?id=387
GI15,1,http://fotos.subefotos.com/a820ad4843879c8fdeff16421dd19886o.jpg
TE10e,1,http://www.altimetrias.net/aspbk/verPerfilusu.asp?id=1458
TE10e,1,http://fotos.subefotos.com/77d50f81d5bca65bb3bd8447f70bbafdo.gif
TA08,1,http://www.cicloide.com/ports/port.asp?ID=97
TA08,1,http://www.cyclingcols.com/asp/colframe.asp?cl=12914
BU06,1,http://unavueltamejor.files.wordpress.com/2011/05/altotero-por-poza-de-la-sal.png
BU06,1,http://blog.svningenieria.es/2015/03/puerto-de-altotero-por-poza-de-la-sal.html
BA06,1,http://www.ramacabici.com/altimetrias/bellmunt.htm
BA03,1,http://www.ramacabici.com/altimetrias/bracons01.htm
AV12,1,http://www.altimetrias.net/aspbk/verPerfilusu.asp?id=222
AV12,2,http://39x28altimetrias.com/serranillosdesdelanzahita.html
AV12,2,http://apmforo.mforos.com/1934457/10707343-propuesta-n-41-nueva-vertiente-pedro-bernardo-por-lanzahita/
GI10,1,http://www.altimetrias.net/aspbk/verPerfilusu.asp?id=506
AV02,1,http://www.altimetrias.net/aspbk/verPuerto.asp?id=456
MU09,1,http://cima2.webcindario.com/im/bu/pe/alamos.jpg
LR06,1,http://www.altimetrias.net/aspbk/verPuerto.asp?id=232
GI05,1,http://www.altimetrias.net/aspbk/verPuerto.asp?id=677
GI05,1,http://www.ramacabici.com/altimetrias/bracons02.htm
LR05,1,http://www.altimetrias.net/aspbk/verPuerto.asp?id=537
GI11,1,http://www.altimetrias.net/aspbk/verPuerto.asp?id=449
LR09,1,http://www.altimetrias.net/aspbk/verPuerto.asp?id=462
LR09,2,http://blog.svningenieria.es/2013/10/subida-moncalvillo-desde-hornos.html
LL03,1,http://www.ramacabici.com/altimetrias/caprec.htm
LL03,1,http://www.bicivicigarrotxa.org/altimetries/cat/llesmar.html
SA04,1,http://www.altimetrias.net/aspbk/verPerfilusu.asp?id=492
SA04,1,http://www.desdemispedales.com/altimetrias/espana/castilla-y-leon/salamanca/item/44-aldeadavila-por-presa-rio-duero
SA04,2,http://www.altimetrias.net/aspbk/verPerfilusu.asp?id=359
SA04,2,http://39x28altimetrias.com/aldeavilaplayarostro.html
SO02,1,http://www.altimetrias.net/aspbk/verPuerto.asp?id=103
SO02,1,http://www.desdemispedales.com/altimetrias/espana/castilla-y-leon/burgos/item/156-alto-del-cargadero
LR14,1,http://www.altimetrias.net/aspbk/verPuerto.asp?id=141
MA10,1,http://www.altimetrias.net/aspbk/verPerfilusu.asp?id=219
MA10,2,http://www.altimetrias.net/aspbk/verPuerto.asp?id=647
MA10,3,http://apmforo.mforos.com/1934457/10668814-propuesta-n-17-nueva-vertiente-la-puebla-por-la-hiruela-madrid/
LU03,1,http://www.altimetrias.net/aspbk/verPerfilusu.asp?id=1325
AC05,1,http://www.altimetrias.net/aspbk/verPuerto.asp?id=506
PA03,1,http://www.altimetrias.net/aspbk/verPerfilusu.asp?id=362
LU12,1,http://www.altimetrias.net/aspbk/verPuerto.asp?id=482
LU12,1,http://www.puertos-en-bici.com/2014/05/puerto-de-ancares.html
LU12,2,http://www.altimetrias.net/aspbk/verPuerto.asp?id=297
LU12,2,http://unavueltamejor.files.wordpress.com/2011/08/ancares-por-balouta_perfil-apm-pedalier.png
LU12,3,http://www.altimetrias.net/aspbk/verPuerto.asp?id=341
LU04,1,http://fotos.miarroba.es/fotos/f/e/fed9eb98.jpg
LU04,2,http://fotos.miarroba.com/fotos/7/f/7f8c0633.jpg
PA01,1,http://www.altimetrias.net/aspbk/verPuerto.asp?id=200
PA01,2,http://www.altimetrias.net/aspbk/verPuerto.asp?id=199
LU22,1,http://www.altimetrias.net/aspbk/verPerfilusu.asp?id=1366
LU22,1,http://apmforo.mforos.com/1811138/9219640-propuesta-de-inclusion-n-5-hospital-lugo/
LU17,1,http://www.altimetrias.net/aspbk/verPerfilusu.asp?id=863
LU20,1,http://www.altimetrias.net/aspbk/verPerfilusu.asp?id=1026
LU20,1,http://apmforo.mforos.com/401631/8213383-serra-do-xistral-resumen-final/
MU07,1,http://cima2.webcindario.com/im/bu/pe/benizar.jpg
AC08,1,http://www.altimetrias.net/aspbk/verPuerto.asp?id=504
PO08,1,http://www.altimetrias.net/aspbk/verPerfilusu.asp?id=96
PO08,1,http://www.puertos-en-bici.com/2014/05/alto-do-morrazo.html
AC03,1,http://www.altimetrias.net/aspbk/verPerfilusu.asp?id=56
AC03,2,http://www.altimetrias.net/aspbk/verPerfilusu.asp?id=54
AC03,3,http://www.altimetrias.net/aspbk/verPerfilusu.asp?id=1610
BA02,1,http://www.altimetrias.net/aspbk/verPuerto.asp?id=156
ML03,1,http://fotos.subefotos.com/c7d62eee4fb623a83a7ead8d216a0deeo.gif
ML03,2,http://www.altimetrias.net/aspbk/verPerfilusu.asp?id=448
MA02e,1,http://recorridosciclistascantabria.blogspot.com.es/2011/08/la-jarosa-por-guadarrama.html
MA02e,1,http://www.altimetrias.net/aspbk/verPerfilusu.asp?id=449
SC15,1,http://apmforo.mforos.com/1608737/8167131-propuesta-n-32-tijoco-alto-s-c-de-tenerife/
SC15,2,http://apmforo.mforos.com/1608737/8167131-propuesta-n-32-tijoco-alto-s-c-de-tenerife/
BI14,1,http://www.altimetrias.net/aspbk/verPuerto.asp?id=263
BI14,2,http://www.altimetrias.net/aspbk/verPerfilusu.asp?id=1537
SO03,1,http://www.altimetrias.net/aspbk/verPuerto.asp?id=30
CU06,1,http://www.altimetrias.net/aspbk/verPerfilusu.asp?id=1115
CA11,1,http://www.altimetrias.net/aspbk/verPuerto.asp?id=180
CA11,1,http://recorridosciclistascantabria.blogspot.com.es/2011/02/lunada-lierganes.html
AL06,1,http://www.altimetrias.net/aspbk/verPuerto.asp?id=448
AB08,1,http://www.altimetrias.net/aspbk/verPerfilusu.asp?id=129
BD01,1,http://cvpuertos.webcindario.com/feria.htm
LR02,1,http://www.altimetrias.net/aspbk/verPuerto.asp?id=231
LR02,1,http://recorridosciclistascantabria.blogspot.com.es/2014/06/cruz-de-la-demanda-por-posadas.html
LR02,1,http://39x28altimetrias.com/cruzdelademanda.html
GU04,1,http://www.altimetrias.net/aspbk/verPerfilusu.asp?id=445
LU05,1,http://www.carlosvega.net/puertos/134/pedras-apanadas-puerto-del-acebo-por-embalse-de-salime
LU05,1,http://blog.svningenieria.es/2014/04/puerto-de-pedras-apanadas-desde-el.html
HU10,1,http://www.altimetrias.net/aspbk/verPuerto.asp?id=667
TA05,1,http://www.altimetrias.net/aspbk/verPuerto.asp?id=169
JA15,1,http://www.altimetrias.net/aspbk/verPerfilusu.asp?id=978
JA15,1,http://apmforo.mforos.com/1934457/10708654-propuesta-n-44-inclusion-puerto-de-pontones/
PR05,1,http://www.altimetrias.net/aspbk/verPerfilusu.asp?id=1318
LU10,1,http://www.altimetrias.net/aspbk/verPuerto.asp?id=347
LU10,1,http://apmforo.mforos.com/1608620/5780781-lugo/?pag=8#85874708
CU09,1,http://www.altimetrias.net/aspbk/verPerfilusu.asp?id=1063
CU09,1,http://fotos.subefotos.com/ff8cb149d3d630454317cc0a03b32c8eo.gif
AB03,1,http://www.altimetrias.net/aspbk/verPerfilusu.asp?id=148
GI09,1,http://www.cicloide.com/ports/port.asp?ID=308
GI09,2,http://www.ramacabici.com/altimetrias/colladatosestoses.htm
GI09,3,http://www.cicloide.com/ports/port.asp?ID=278
CA09,1,http://www.altimetrias.net/aspbk/verPuerto.asp?id=437
CA09,2,http://www.altimetrias.net/aspbk/verPerfilusu.asp?id=572
GP06,1,http://www.altimetrias.net/aspbk/verPuerto.asp?id=336
GP06,2,http://www.altimetrias.net/aspbk/verPerfilusu.asp?id=1401
HU09,1,http://www.altimetrias.net/aspbk/verPuerto.asp?id=646
BI03,1,http://www.altimetrias.net/aspbk/verPuerto.asp?id=160
SO07,1,http://www.altimetrias.net/aspbk/verPerfilusu.asp?id=693
PR10,1,http://www.desdemispedales.com/altimetrias/portugal/item/81-nossa-senhora-de-graca-por-mondim-de-basto
PR10,1,http://fotos.subefotos.com/13514e061c9919c29e4637b471fe2e89o.png
ML15,1,http://www.altimetrias.net/aspbk/verPuerto.asp?id=332
ML15,2,http://www.ciclopiratas.com/altigrafias.php?id=17
CA18,1,http://www.altimetrias.net/aspbk/verPuerto.asp?id=663
CA18,1,http://recorridosciclistascantabria.blogspot.com/2011/09/los-machucos-por-arredondo.html
CA18,2,http://www.altimetrias.net/aspbk/verPerfilusu.asp?id=1430
CA18,2,http://recorridosciclistascantabria.blogspot.com.es/2011/09/los-machucos-por-la-pedrosa.html
ML05,1,https://andaluciacicloturismo.wordpress.com/2015/04/06/puerto-del-viento-por-el-burgo-paso-de-legiones/
ML05,1,http://www.altimetrias.net/aspbk/verPerfilusu.asp?id=234
BU11,1,http://fotos.miarroba.com/fotos/3/6/36557554.jpg
BU11,1,http://apmforo.mforos.com/1811138/9342443-propuesta-de-inclusion-n-54-trigaza-burgos/
CU08,1,http://www.altimetrias.net/aspbk/verPerfilusu.asp?id=1456
CU08,1,http://www.puertos-en-bici.com/2013/10/puerto-del-portillo.html
SV05,1,https://andaluciacicloturismo.wordpress.com/2013/05/02/cerro-becerrero-la-inesperada-sorpresa/
SV05,1,http://www.altimetrias.net/aspbk/verPerfilusu.asp?id=547
AB07,1,http://www.altimetrias.net/aspbk/verPerfilusu.asp?id=139
AB07,2,http://www.altimetrias.net/aspbk/verPerfilusu.asp?id=144
NA01,1,http://www.altimetrias.net/aspbk/verPuerto.asp?id=304
BI02,1,http://www.altimetrias.net/aspbk/verPuerto.asp?id=651
AV15,1,http://www.altimetrias.net/aspbk/verPuerto.asp?id=432
AV15,1,http://www.desdemispedales.com/altimetrias/espana/castilla-y-leon/avila/item/16-arrebatacapas-por-cebreros
TE09,1,http://www.altimetrias.net/aspbk/verPerfilusu.asp?id=805
TE09,1,http://www.cicloide.com/ports/port.asp?ID=141
AV14,1,http://www.altimetrias.net/aspbk/verPerfilusu.asp?id=603
GP07,1,http://www.altimetrias.net/aspbk/verPuerto.asp?id=9
AL04,1,http://www.altimetrias.net/aspbk/verPerfilusu.asp?id=950
AL04,1,http://blog.svningenieria.es/2015/03/puerto-de-opakua-desde-salvatierra.html
CA17,1,http://recorridosciclistascantabria.blogspot.com.es/2012/10/el-soplao-por-la-florida.html
CA17,2,http://www.altimetrias.net/aspbk/verPuerto.asp?id=645
CA17,2,http://recorridosciclistascantabria.blogspot.com.es/2013/02/el-soplao-por-rabago.html
CU02,1,http://www.altimetrias.net/aspbk/verPerfilusu.asp?id=1462
HU14,1,http://www.altimetrias.net/aspbk/verPuerto.asp?id=498
HU14,1,http://www.cicloide.com/ports/port.asp?ID=169
LE11,1,http://www.altimetrias.net/aspbk/verPuerto.asp?id=104
AT07,1,http://www.altimetrias.net/aspbk/verPerfilusu.asp?id=743
AT07,2,http://www.altimetrias.net/aspbk/verPuerto.asp?id=303
GP13,1,http://www.altimetrias.net/aspbk/verPuerto.asp?id=530
CA16,1,http://recorridosciclistascantabria.blogspot.com.es/2012/05/collado-de-hoz-por-la-hermida.html
CA16,2,http://recorridosciclistascantabria.blogspot.com.es/2012/05/collado-de-hoz.html
CA16,2,http://www.puertos-en-bici.com/2014/04/collada-de-la-hoz.html
LE17,1,http://perso.wanadoo.es/eldeligny/Mirador+de+Orellan.jpg
VD02,1,http://www.altimetrias.net/aspbk/verPerfilusu.asp?id=63
VD02,1,http://www.desdemispedales.com/altimetrias/espana/castilla-y-leon/valladolid/item/41-renedo-por-renedo-de-esgueva
AV05,1,http://fotos.subefotos.com/57602ec11bf48028638768f30c485c49o.jpg
AV06,1,http://www.altimetrias.net/aspbk/verPerfilusu.asp?id=677
BU07,1,http://www.altimetrias.net/aspbk/verPuerto.asp?id=452
AN10,1,http://www.ramacabici.com/altimetrias/oscivis.htm
AV09,1,http://www.altimetrias.net/aspbk/verPerfilusu.asp?id=205
AT04,1,http://fotos.subefotos.com/05c32fe36a68daf3c2a0d5ae91e141fao.png
IB05,1,http://www.quaeldich.de/qdtp/anfahrten/33196_2949_gradient.gif
AV10,1,http://www.altimetrias.net/aspbk/verPuerto.asp?id=523
AV10,2,http://www.altimetrias.net/aspbk/verPerfilusu.asp?id=1425
AB02,1,http://39x28altimetrias.com/elbarrancazoalbacete.html
AB02,1,http://fotos.subefotos.com/7bc60b378b116a4a6d7b2eba8000fd38o.gif
ML11,1,http://www.altimetrias.net/aspbk/verPerfilusu.asp?id=971
AL02,1,http://www.altimetrias.net/aspbk/verPerfilusu.asp?id=776
AL02,1,http://subiendopuertos.jimdo.com/altimetr%C3%ADas/%C3%A1lava/opakua-e-iturrieta/
GP10,1,http://www.altimetrias.net/aspbk/verPuerto.asp?id=271
ML09,1,http://www.altimetrias.net/aspbk/verPuerto.asp?id=325
ML09,1,https://andaluciacicloturismo.wordpress.com/2015/01/30/torcal-de-antequera-y-camorro-de-los-monteses-capricho-malagueno/
ML09,2,http://www.altimetrias.net/aspbk/verPerfilusu.asp?id=501
TA07,1,http://www.altimetrias.net/aspbk/verPuerto.asp?id=170
HU16,1,http://www.altimetrias.net/aspbk/verPerfilusu.asp?id=1359
HU16,1,http://www.pirenaica.com/images/altimetrias/panticosa.gif
MA07,1,http://www.altimetrias.net/aspbk/verPuerto.asp?id=436
GI06,1,http://www.altimetrias.net/aspbk/verPerfilusu.asp?id=507
LL13,1,http://www.adrianlorente.com/puertos/datos/HU/tunelvielha01.html
MA08,1,http://www.altimetrias.net/aspbk/verPuerto.asp?id=282
MA08,2,http://39x28altimetrias.com/eltomillar.html
GR20e,1,http://www.altimetrias.net/aspbk/verPuerto.asp?id=417
MU06e,1,http://www.altimetrias.net/aspbk/verPuerto.asp?id=251
JA11,1,http://www.altimetrias.net/aspbk/verPuerto.asp?id=510
JA11,1,http://andaluciacicloturismo.wordpress.com/2013/06/22/la-pandera-por-los-villares-santuario-ciclista-jiennense/
JA11,2,http://andaluciacicloturismo.wordpress.com/2014/02/18/alto-de-la-pandera-por-valdepenas-lo-bueno-si-breve/
CS13,1,http://altimetriasrutascastellon.blogspot.com.es/2008/11/benafigos.html
LE10,1,http://www.altimetrias.net/aspbk/verPuerto.asp?id=471
LE10,1,http://www.39x28altimetrias.com/panderrueda.html
LE10,2,http://www.altimetrias.net/aspbk/verPuerto.asp?id=423
CS10,1,http://www.altimetrias.net/aspbk/verPerfilusu.asp?id=623
CS10,1,http://www.puertos-en-bici.com/2013/09/puerto-de-eslida-puntal-de-laljub.html
CR08,1,http://fotos.subefotos.com/81c20c2ef12bd31a73aabb62d2bd3364o.gif
CR03,1,http://www.altimetrias.net/aspbk/verPerfilusu.asp?id=142
GU08,1,http://www.altimetrias.net/aspbk/verPerfilusu.asp?id=24
CR02,1,http://www.altimetrias.net/aspbk/verPerfilusu.asp?id=249
CS01,1,http://www.altimetrias.net/aspbk/verPerfilusu.asp?id=483
CS01,1,http://altimetriasrutascastellon.blogspot.com.es/2008/01/coll-de-fredes.html
PO07,1,http://www.altimetrias.net/aspbk/verPuerto.asp?id=514
AT02,1,http://www.altimetrias.net/aspbk/verPerfilusu.asp?id=1029
AC07,1,http://www.altimetrias.net/aspbk/verPerfilusu.asp?id=325
AC07,2,http://apmforo.mforos.com/1934457/10696047-propuesta-n-32-nueva-vertiente-paxareiras-por-portugalete/
OU10,1,http://fotos.subefotos.com/0c111b95ffc5452ddebeb2da60a2d742o.jpg
CA05,1,http://www.altimetrias.net/aspbk/verPuerto.asp?id=196
CA05,1,http://blog.svningenieria.es/2014/09/estacas-de-trueba-desde-vega-de-pas.html
AN11,1,http://fotos.miarroba.com/fotos/4/0/4019d01e.jpg
AN11,1,http://www.rocobike.com/altimetria.php?ps=2&id=3
ZA06,1,http://blog.svningenieria.es/2015/03/puerto-del-sos.html
AN02,1,http://www.ramacabici.com/altimetrias/gallina.htm
AN05,1,http://fotos.miarroba.com/fotos/2/b/2bf50c4d.jpg
AN05,1,http://www.rocobike.com/altimetria.php?ps=2&id=1
HU05,1,http://www.altimetrias.net/aspbk/verPerfilusu.asp?id=1164
JA07,1,http://www.altimetrias.net/aspbk/verPerfilusu.asp?id=752
JA08,1,http://www.dessafio.org/Portals/2/sierrasur/puertos/IMAGENES/05_03_Coberteras_desdeOtinar.jpg
JA08,2,http://www.dessafio.org/Comarca/PuertosdecarreteraenlaSierraSur.aspx#Coberteras
ZA09,1,http://www.adrianlorente.com/puertos/datos/Z/balconchan01.html
HL01,1,http://www.altimetrias.net/aspbk/verPuerto.asp?id=488
JA09,2,http://www.altimetrias.net/aspbk/verPerfilusu.asp?id=1313
AN03,1,http://www.ramacabici.com/altimetrias/arinsal.htm
AN04,1,http://www.altimetrias.net/aspbk/verPerfilusu.asp?id=120
ZA05,1,http://www.altimetrias.net/aspbk/verPuerto.asp?id=239
ZA05,1,http://www.zanibike.net/altimetria/1532/Spagna/salita_El+Moncayo+-+Vera+de+Moncayo.aspx
ZA05,2,http://www.altimetrias.net/aspbk/verPuerto.asp?id=238
ZA05,2,http://www.zanibike.net/altimetria/1843/Spagna/salita_El+Moncayo+-+Tarazona.aspx
ZA05,3,http://tracks4bikers.com/tracks/show/42326
IB07,1,http://www.altimetrias.net/aspbk/verPerfilusu.asp?id=639
AS08,1,http://www.altimetrias.net/aspbk/verPuerto.asp?id=330
AS08,1,http://www.39x28altimetrias.com/cuitunegru.html
AS29,1,http://www.carlosvega.net/puertos/58/alto-de-la-marta-por-puente-polea-villayon
IB08,1,http://www.altimetrias.net/aspbk/verPerfilusu.asp?id=92
ZA10,1,http://www.altimetrias.net/aspbk/verPerfilusu.asp?id=636
AS34,1,http://www.39x28altimetrias.com/ermitadelalba.html
AS34,1,http://apmforo.mforos.com/1608737/8196418-propuesta-n-44-ermita-del-alba-asturias/
AS06,1,http://www.altimetrias.net/aspbk/verPuerto.asp?id=496
AS06,1,http://andaluciacicloturismo.wordpress.com/2014/09/08/puerto-de-san-lorenzo-por-san-martin-de-teverga-la-marmolada-asturiana/
AS06,2,http://www.altimetrias.net/aspbk/verPuerto.asp?id=540
ZA02,1,http://www.altimetrias.net/aspbk/verPuerto.asp?id=237
ZA02,1,http://www.adrianlorente.com/puertos/datos/Z/beraton.html
HU03,1,http://www.altimetrias.net/aspbk/verPuerto.asp?id=652
AS02,1,http://www.altimetrias.net/aspbk/verPerfilusu.asp?id=439
IB11,1,http://fotos.miarroba.com/fotos/1/d/1d5a37f4.jpg
AS21,1,http://www.altimetrias.net/aspbk/verPuerto.asp?id=680
AS21,2,http://apmforo.mforos.com/570910/7830679-penas-del-viento-por-la-rondiella/
HU02,1,http://www.adrianlorente.com/puertos/datos/HU/llauset.html
IB01,1,http://www.altimetrias.net/aspbk/verPuerto.asp?id=172
IB01,1,http://www.cicloide.com/ports/port.asp?ID=265
IB12,1,http://www.cicloide.com/ports/port.asp?ID=535
ZA04,1,http://www.adrianlorente.com/puertos/datos/Z/viver.html
AS33,1,http://www.altimetrias.net/aspbk/verPuerto.asp?id=676
AS33,1,http://apmforo.mforos.com/1608737/8107097-propuesta-n-10-siero-asturias/
JA04,1,http://andaluciacicloturismo.wordpress.com/2014/02/18/collados-de-frailes-por-castillo-de-locubin-por-fin-un-paseo-por-la-sierra-sur/
JA04,1,http://www.dessafio.org/Comarca/PuertosdecarreteraenlaSierraSur.aspx#La%20Martina
JA04,2,http://www.altimetrias.net/aspbk/verPerfilusu.asp?id=1190
JA04,2,http://apmforo.mforos.com/1934457/10703207-propuesta-n-40-nueva-vertiente-puerto-de-la-martina-ja-04-por-charilla/
AN08,1,http://www.ramacabici.com/altimetrias/ordino01.htm
AN08,2,http://www.ramacabici.com/altimetrias/ordinoxcanillo.htm
AN08,2,http://apmforo.mforos.com/1934457/10675610-propuesta-n-21-nueva-vertiente-coll-d-ordino-por-canillo/
IB04,1,http://www.cicloide.com/ports/port.asp?ID=862
SV01,1,http://www.altimetrias.net/aspbk/verPerfilusu.asp?id=587
AS07,1,http://www.altimetrias.net/aspbk/verPuerto.asp?id=335
AS07,1,http://39x28altimetrias.com/lagosdecovadonga.html
AS38,1,http://www.39x28altimetrias.com/colladataranes.html
AS38,1,http://apmforo.mforos.com/1811138/9230374-propuesta-de-inclusion-n-10-collado-taranes-asturias/
AS35,1,http://39x28altimetrias.com/cotobello.html
AS35,1,http://apmforo.mforos.com/1608737/8125698-propuesta-n-13-cotobello-asturias/
IB10,1,http://www.altimetrias.net/aspbk/verPerfilusu.asp?id=612
IB10,1,http://www.cyclingcols.com/asp/colframe.asp?cl=11133
AS31,1,http://39x28altimetrias.com/banduxu.html
IB09,1,http://www.ramacabici.com/altimetrias/corbata.htm
IB09,1,http://www.altimetrias.net/aspbk/verPerfilusu.asp?id=621
SE02,2,http://www.altimetrias.net/aspbk/verPerfilusu.asp?id=418
AS03,1,http://www.carlosvega.net/puertos/45/el-connio-por-cecos
AS03,1,http://blog.svningenieria.es/2014/04/puerto-del-connio-por-cecos.html
AS03,2,http://www.carlosvega.net/puertos/159/el-connio-por-ventanueva-cangas-del-narcea
AS25,1,http://fotos.subefotos.com/dff1b0be187753424c39ac7f64bc3aa7o.gif
AS13,1,http://www.altimetrias.net/aspbk/verPuerto.asp?id=351
SE01,1,http://www.altimetrias.net/aspbk/verPuerto.asp?id=331
CO05,1,http://www.altimetrias.net/aspbk/verPerfilusu.asp?id=357
CO05,1,http://www.puertos-en-bici.com/2014/03/puerto-de-san-jeronimo.html')
AM03,1,"http://3.bp.blogspot.com/__26iSnLHYMk/TGpOhs_seuI/AAAAAAAAARQ/NTixjRBgdAc/s1600/Collado+Garc%C3%ADa+%281246m%29+%28por+Olula+del+R%C3%ADo%29+%2801%29+Perfil+%2824k-3,29%25%29+%28171C%29+%281%C2%AA%29.jpg"
CO01,1,https://andaluciacicloturismo.wordpress.com/2015/04/13/santuario-de-ntra-sra-de-araceli-mirador-de-andalucia/
CO01,1,http://www.altimetrias.net/aspbk/verPerfilusu.asp?id=658
GR14,1,http://www.altimetrias.net/aspbk/verPuerto.asp?id=532
GR04,1,http://www.altimetrias.net/aspbk/verPuerto.asp?id=372
GR04,1,https://andaluciacicloturismo.wordpress.com/2014/05/20/collado-del-muerto-el-purche-camino-de-los-neveros/
CO03,1,http://www.altimetrias.net/aspbk/verPerfilusu.asp?id=644
CD03,2,http://www.altimetrias.net/aspbk/verPerfilusu.asp?id=1264
CO04,1,http://www.altimetrias.net/aspbk/verPerfilusu.asp?id=363
JA13,1,http://www.altimetrias.net/aspbk/verPerfilusu.asp?id=1244
JA13,1,https://andaluciacicloturismo.wordpress.com/2015/02/10/allanada-del-santo-hasta-el-llano-todo-es-cuesta/
JA13,1,http://apmforo.mforos.com/1811138/9274193-propuesta-de-inclusion-n-28-las-allanadas-el-cerro-en-jaen/
HL07,1,http://www.altimetrias.net/aspbk/verPerfilusu.asp?id=248
HL07,2,http://www.altimetrias.net/aspbk/verPerfilusu.asp?id=740
HL05,1,http://fotos.subefotos.com/d18ecf890a9837e218306d4a8bbbed26o.jpg
ML13,1,http://www.altimetrias.net/aspbk/verPerfilusu.asp?id=561
ML13,2,http://www.altimetrias.net/aspbk/verPuerto.asp?id=469
AS01,1,http://39x28altimetrias.com/puertoventanaasturias.html
ML04,1,http://www.altimetrias.net/aspbk/verPerfilusu.asp?id=648
SC06,1,http://www.altimetrias.net/aspbk/verPuerto.asp?id=145
ZA03,1,http://www.adrianlorente.com/puertos/datos/Z/valdemadera02.html
ZA03,2,http://www.adrianlorente.com/puertos/datos/Z/valdemadera01.html
CR04,1,http://www.altimetrias.net/aspbk/verPerfilusu.asp?id=126
GU06,1,http://www.altimetrias.net/aspbk/verPerfilusu.asp?id=1229
LE07,1,http://2.bp.blogspot.com/-ivxKPoR3hXE/TsWG51pgnCI/AAAAAAAAAAY/hqUuRIFCdMk/s1600/piedrafita.GIF
LE07,2,http://39x28altimetrias.com/colladodepiedrafitaeste.html
LE07,2,http://2.bp.blogspot.com/-ivxKPoR3hXE/TsWG51pgnCI/AAAAAAAAAAY/hqUuRIFCdMk/s1600/piedrafita.GIF
AV03,1,http://www.altimetrias.net/aspbk/verPuerto.asp?id=534
ZM01,1,http://www.desdemispedales.com/altimetrias/espana/castilla-y-leon/zamora/item/140-fermoselle
ZM01,1,http://www.altimetrias.net/aspbk/verPerfilusu.asp?id=352
GU01,1,http://39x28altimetrias.com/puertodelaqueserasur.html
GU01,1,http://www.altimetrias.net/aspbk/verPerfilusu.asp?id=342
LL11,1,http://www.adrianlorente.com/puertos/datos/L/portilhon.html
LL11,1,http://www.puertos-en-bici.com/2014/02/puerto-del-portillon.html
TA03,1,http://www.cicloide.com/ports/port.asp?ID=321
GI08,1,http://www.ramacabici.com/altimetrias/capsacosta.htm
GI08,1,http://www.altimetrias.net/aspbk/verPerfilusu.asp?id=513
TA10,1,http://www.cicloide.com/ports/port.asp?ID=359
TA10,1,http://www.salite.ch/llaberia.asp
OU05,1,http://www.altimetrias.net/aspbk/verPerfilusu.asp?id=1372
OU05,1,http://fotos.subefotos.com/d9cd5af90b3f71afd79aba9e082965b8o.jpg
OU05,2,http://www.altimetrias.net/aspbk/verPuerto.asp?id=290
OU05,2,http://39x28altimetrias.com/fontedacovaourense.html
GP01,1,http://www.altimetrias.net/aspbk/verPuerto.asp?id=261
NA13,1,http://www.altimetrias.net/aspbk/verPuerto.asp?id=350
NA13,1,http://www.desdemispedales.com/altimetrias/espana/navarra/item/142-artesiaga
BI01,1,http://www.altimetrias.net/aspbk/verPuerto.asp?id=234
BI01,2,http://www.altimetrias.net/aspbk/verPuerto.asp?id=233
BI01,3,http://www.altimetrias.net/aspbk/verPuerto.asp?id=235
AL05,1,http://www.altimetrias.net/aspbk/verPuerto.asp?id=201
LL17,1,http://www.ramacabici.com/altimetrias/lavansa02.htm
LL17,2,http://www.ramacabici.com/altimetrias/lavansa01.htm
SO06,1,http://www.altimetrias.net/aspbk/verPerfilusu.asp?id=1571
SO06,2,http://www.altimetrias.net/aspbk/verPerfilusu.asp?id=1570
SO06,2,http://apmforo.mforos.com/1934457/10687940-propuesta-n-29-nueva-vertiente-cabeza-alta-por-duruelo-cl-117-soria/
LL04,1,http://www.altimetrias.net/aspbk/verPuerto.asp?id=368
TA02,1,http://www.cicloide.com/ports/port.asp?ID=421
TA02,1,http://www.salite.ch/E/castell.gif
LL20,1,http://www.altimetrias.net/aspbk/verPerfilusu.asp?id=489
LL20,2,http://oi33.tinypic.com/23i8jyf.jpg
LL20,2,http://apmforo.mforos.com/1811138/9262885-propuesta-de-inclusion-n-24-coll-d-ares-lerida/
BA05,1,http://www.ramacabici.com/altimetrias/falgars02.htm
BA05,2,http://fotos.subefotos.com/f6ee83c51b71d6541ae5b7a08ef30453o.png
GI14,1,http://www.altimetrias.net/aspbk/verPuerto.asp?id=422
GI14,1,http://www.bicivicigarrotxa.org/altimetries/cat/stpereport.html
PO04,1,http://www.altimetrias.net/aspbk/verPuerto.asp?id=668
PO04,2,http://www.altimetrias.net/aspbk/verPuerto.asp?id=666
AC01,1,http://www.altimetrias.net/aspbk/verPerfilusu.asp?id=53
PO12,1,http://www.altimetrias.net/aspbk/verPerfilusu.asp?id=322
AT05,1,http://www.altimetrias.net/aspbk/verPuerto.asp?id=318
LR10,1,http://recorridosciclistascantabria.blogspot.com.es/2014/05/bonicaparra-por-ezcaray.html
LR10,1,http://blog.svningenieria.es/2014/06/refugio-de-bonicaparra-desde-ezcaray.html
LL10,1,http://www.altimetrias.net/aspbk/verPuerto.asp?id=375
OU11,1,http://www.altimetrias.net/aspbk/verPerfilusu.asp?id=1586
OU11,1,http://perso.wanadoo.es/eldeligny/amoeda.JPG
AT10,1,http://www.altimetrias.net/aspbk/verPuerto.asp?id=262
GI04,1,http://www.ramacabici.com/altimetrias/masella.htm
VA04,1,http://www.altimetrias.net/aspbk/verPerfilusu.asp?id=528
AT09,1,http://www.altimetrias.net/aspbk/verPerfilusu.asp?id=1171
GR12,1,http://www.altimetrias.net/aspbk/verPerfilusu.asp?id=841
GI03,1,http://www.ramacabici.com/altimetrias/rocacorba.htm
NA09,1,http://www.altimetrias.net/aspbk/verPuerto.asp?id=499
MU10,1,http://www.cyclingcols.com/profiles/SierraDeEspunaE.gif
MU10,2,http://www.altimetrias.net/aspbk/verPuerto.asp?id=252
MU10,4,http://www.altimetrias.net/aspbk/verPuerto.asp?id=267
LL19,1,http://www.ramacabici.com/altimetrias/montnou01.htm
AT12,1,http://www.altimetrias.net/aspbk/verPuerto.asp?id=648
LU13,1,http://www.altimetrias.net/aspbk/verPuerto.asp?id=295
LU13,1,http://www.puertos-en-bici.com/2014/05/alto-de-folgueiras-de-aigas.html
NA05,1,http://www.altimetrias.net/aspbk/verPuerto.asp?id=476
EL,1,http://apmforo.mforos.com/1608620/5780607-albacete/?pag=5#105786739
CA06,1,http://www.altimetrias.net/aspbk/verPuerto.asp?id=182
CA06,1,http://blog.svningenieria.es/2014/09/puerto-de-alisas-desde-la-cavada.html
CA06,2,http://www.altimetrias.net/aspbk/verPuerto.asp?id=181
CA06,3,http://recorridosciclistascantabria.blogspot.com.es/2011/08/alisas-bustablado.html
CA06,3,http://www.altimetrias.net/aspbk/verPerfilusu.asp?id=1434
HU13,1,http://www.adrianlorente.com/puertos/datos/HU/cerler-ampriu.html
HU13,1,http://www.pedalierweb.es/modulos/usuariosFtp/conexion/album1912a.jpg
HU15,1,http://www.altimetrias.net/aspbk/verPuerto.asp?id=250
HU15,1,http://www.zanibike.net/altimetria/1088/Spagna/salita_Puerto+de+Somport+-+Villanuja.aspx
BD02,1,http://www.altimetrias.net/aspbk/verPerfilusu.asp?id=895
HU11,1,http://www.climbbybike.com/profile/Hospital_de_Benasque_Benasque_profile.gif
CR01,1,http://www.altimetrias.net/aspbk/verPerfilusu.asp?id=1066
AB10,1,http://www.altimetrias.net/aspbk/verPerfilusu.asp?id=220
SC02,1,http://www.altimetrias.net/aspbk/verPerfilusu.asp?id=824
SC02,1,http://apmforo.mforos.com/570933/11119296-tenerife-invernal/
CU03,1,http://www.altimetrias.net/aspbk/verPerfilusu.asp?id=1460
CU03,1,http://fotos.subefotos.com/f5eacce689e3dad205c28f8ca4917c29o.gif
SC05,2,http://www.altimetrias.net/aspbk/verPuerto.asp?id=416
TA09,1,http://fotos.subefotos.com/8e8bd5bf72038ba0a2ca661ba07dd44do.jpg
LL06,1,http://www.adrianlorente.com/puertos/datos/L/perves01.html
LL06,2,http://www.adrianlorente.com/puertos/datos/L/perves02.html
AB04,1,http://www.altimetrias.net/aspbk/verPerfilusu.asp?id=131
BI10,1,http://www.altimetrias.net/aspbk/verPuerto.asp?id=149
ZM05,1,http://www.altimetrias.net/aspbk/verPuerto.asp?id=339
SC10,2,http://fotos.subefotos.com/1ed7908a24c9c39b199d893ecb95e088o.jpg
CU07,1,http://www.altimetrias.net/aspbk/verPerfilusu.asp?id=1450
CU07,1,http://fotos.subefotos.com/b0542f1f6fe548acdc7cabbdf3d0ac0ao.gif
BI04,1,http://www.altimetrias.net/aspbk/verPuerto.asp?id=260
BI04,1,http://blog.svningenieria.es/2014/02/puerto-de-argalario-por-barakaldo.html
BI16,1,http://www.altimetrias.net/aspbk/verPuerto.asp?id=72
BI16,1,http://www.altimetrias.net/aspbk/verPerfilusu.asp?id=270
LP02,1,http://www.altimetrias.net/aspbk/verPerfilusu.asp?id=690
CA19,1,http://www.altimetrias.net/aspbk/verPerfilusu.asp?id=1442
CA19,1,http://recorridosciclistascantabria.blogspot.com.es/2011/10/collada-de-brenes-por-villasuso.html
CA19,2,http://www.altimetrias.net/aspbk/verPerfilusu.asp?id=1508
CA19,2,http://recorridosciclistascantabria.blogspot.com.es/2011/10/collada-de-brenes-por-las-fraguas.html
SC11,1,http://www.altimetrias.net/aspbk/verPuerto.asp?id=153
GP11,1,http://www.altimetrias.net/aspbk/verPuerto.asp?id=228
GP11,2,http://www.altimetrias.net/aspbk/verPuerto.asp?id=227
BI11,1,http://www.altimetrias.net/aspbk/verPuerto.asp?id=276
GP05,1,http://www.altimetrias.net/aspbk/verPerfilusu.asp?id=766
MA09,1,http://www.altimetrias.net/aspbk/verPuerto.asp?id=364
BU09,1,http://www.altimetrias.net/aspbk/verPuerto.asp?id=159
SC13,1,http://apmforo.mforos.com/1608737/8198703-propuesta-n-45-chanajiga-s-c-de-tenerife/
AC04,1,http://www.altimetrias.net/aspbk/verPerfilusu.asp?id=355
CC05,1,http://www.altimetrias.net/aspbk/verPerfilusu.asp?id=622
CC01,1,http://www.altimetrias.net/aspbk/verPuerto.asp?id=539
CR06,1,http://www.altimetrias.net/aspbk/verPerfilusu.asp?id=134
MU05,1,http://www.altimetrias.net/aspbk/verPerfilusu.asp?id=1176
MU05,2,http://www.cicloturistas.org/crestadelgallo/perfil.html
BI08,1,http://www.altimetrias.net/aspbk/verPuerto.asp?id=68
BI08,2,http://www.altimetrias.net/aspbk/verPuerto.asp?id=70
BI08,2,http://blog.svningenieria.es/2014/07/puerto-de-el-vivero-desde-galdakao.html
BI08,3,http://www.altimetrias.net/aspbk/verPuerto.asp?id=69
BI08,4,http://www.altimetrias.net/aspbk/verPerfilusu.asp?id=857
LE02,1,http://www.altimetrias.net/aspbk/verPuerto.asp?id=343
LE02,1,http://4.bp.blogspot.com/-Fw8ruimImu0/Ts5-jLiWpdI/AAAAAAAAADM/hxwOOq1owec/s1600/FONCEBADON1
PA02,1,http://www.altimetrias.net/aspbk/verPerfilusu.asp?id=360
LU16,1,http://www.altimetrias.net/aspbk/verPerfilusu.asp?id=811
LU16,1,http://www.altimetrias.net/aspbk/verPerfilusu.asp?id=1561
LE09,1,http://www.altimetrias.net/aspbk/verPerfilusu.asp?id=817
LE09,1,http://fotos.subefotos.com/459027d86858f8abf0061663c6b60dc9o.jpg
MU04,2,http://www.cyclingcols.com/profiles/SierraDeAlmenaraN.gif
TO02,1,http://www.tresplatos.com/marco.html?foto=/altimetrias/alt-Pielago-Hinojosa-ElReal.gif&texto=Subida%20al%20puerto%20de%20El%20Pielago.%20De%20las%20múltiples%20vertientes%20esta%20es%20la%20que%20sube%20desde%20San%20Roman%20pasando%20por%20Hinojosa%20y%20El%20Real.%20Posiblemente%20el%20puerto%20mas%20duro%20de%20Toledo
TO02,2,http://www.altimetrias.net/aspbk/verPerfilusu.asp?id=318
TO02,3,http://www.altimetrias.net/aspbk/verPerfilusu.asp?id=295
CR05,1,http://www.altimetrias.net/aspbk/verPuerto.asp?id=679
BA16,1,http://www.altimetrias.net/aspbk/verPuerto.asp?id=480
SE03,1,http://www.altimetrias.net/aspbk/verPuerto.asp?id=288
TA01,1,http://www.altimetrias.net/aspbk/verPuerto.asp?id=171
VD01,1,http://www.altimetrias.net/aspbk/verPerfilusu.asp?id=350
LE05,1,http://www.altimetrias.net/aspbk/verPuerto.asp?id=311
BA19,1,http://www.ramacabici.com/altimetrias/tagamanent.htm
SA08,1,http://www.altimetrias.net/aspbk/verPuerto.asp?id=337
SA08,1,http://www.puertos-en-bici.com/2013/08/puerto-de-la-covatilla.html
AV11,1,http://www.altimetrias.net/aspbk/verPuerto.asp?id=656
AV11,1,http://www.altimetrias.net/aspbk/verPerfilusu.asp?id=202
LE03,1,http://39x28altimetrias.com/puertodelasgobernadasnorte.html
LE03,1,http://2.bp.blogspot.com/-79JuDU5S1A4/Tsvr4djJ11I/AAAAAAAAAC0/OLmhEXM0tw8/s1600/lasgobernadas2.gif
LE14,1,http://www.altimetrias.net/aspbk/verPuerto.asp?id=264
VD03,1,http://www.altimetrias.net/aspbk/verPerfilusu.asp?id=135
VD03,2,http://39x28altimetrias.com/altodesanmartinvalladolid.html
GU02,1,http://www.altimetrias.net/aspbk/verPuerto.asp?id=623
LE08,1,http://www.altimetrias.net/aspbk/verPuerto.asp?id=650
LE04,1,http://puertosdeleon.blogspot.com/2011/11/sotillo-de-cabrera.html
BI05,1,http://www.altimetrias.net/aspbk/verPuerto.asp?id=67
BI05,1,http://www.altimetrias.net/aspbk/verPuerto.asp?id=165
BI05,2,http://www.altimetrias.net/aspbk/verPuerto.asp?id=285
BI05,2,http://www.altimetrias.net/aspbk/verPuerto.asp?id=165
BU04,1,http://www.altimetrias.net/aspbk/verPuerto.asp?id=508
OU12,1,http://www.39x28altimetrias.com/monteocerengo.html
OU12,1,http://www.altimetrias.net/aspbk/verPerfilusu.asp?id=1601
MU02,1,https://lh4.googleusercontent.com/-fGFWVvfTcAE/Tf0HfLrykoI/AAAAAAAAAjc/nJmwQLd1tB4/s720/Garapacha%252520-%252520Puerto%252520Frio.jpg
LL21,1,http://www.adrianlorente.com/puertos/datos/L/sautpish.html
GP03,1,http://www.altimetrias.net/aspbk/verPerfilusu.asp?id=468
LU18,1,http://www.altimetrias.net/aspbk/verPerfilusu.asp?id=1404
LU18,1,http://apmforo.mforos.com/1608737/8186484-propuesta-n-37-sete-carballos-a-fiona-lugo/
LU18,2,http://www.altimetrias.net/aspbk/verPerfilusu.asp?id=1510
LU18,3,http://www.altimetrias.net/aspbk/verPerfilusu.asp?id=1540
PO13,2,http://www.altimetrias.net/aspbk/verPuerto.asp?id=664
PO13,2,http://puertos-pontevedra.blogspot.com.es/2009/09/monte-de-paradanda-repetidor-tv-por-uma.html
LL14,1,http://www.cicloide.com/ports/port.asp?ID=276
LL14,1,http://www.cyclingcols.com/asp/colpopup.asp?cl=9585&p=4797
SO01,1,http://www.altimetrias.net/aspbk/verPuerto.asp?id=23
LR03,1,http://www.altimetrias.net/aspbk/verPuerto.asp?id=100
LR03,1,http://blog.svningenieria.es/2014/05/puerto-de-montenegro-por-las-viniegras.html
SE04,1,http://39x28altimetrias.com/puertodelaqueseranorte.html
SE04,1,http://dukemtb.blogspot.com.es/2011/07/puerto-de-la-quesera-2472011.html
BA07,1,http://www.ramacabici.com/altimetrias/gisclareny01.htm
GI02,1,http://www.altimetrias.net/aspbk/verPerfilusu.asp?id=808
GI02,1,http://www.ramacabici.com/altimetrias/revellcortals.htm
AL08,1,http://www.altimetrias.net/aspbk/verPuerto.asp?id=198
PO06,1,http://www.altimetrias.net/aspbk/verPerfilusu.asp?id=319
BU02,1,http://www.altimetrias.net/aspbk/verPuerto.asp?id=189
LL01,1,http://fotos.subefotos.com/8e389502009cfddbe40dc69968b673cbo.jpg
LL01,2,http://www.altimetrias.net/aspbk/verPerfilusu.asp?id=1057
GI13,1,http://www.altimetrias.net/aspbk/verPerfilusu.asp?id=87
GI13,2,http://fotos.miarroba.com/fotos/9/b/9b95b4f0.jpg
GI13,3,http://www.ramacabici.com/altimetrias/mont02.htm
LU06,1,http://www.altimetrias.net/aspbk/verPerfilusu.asp?id=241
LU06,2,http://fotos.subefotos.com/3324f5fdea54b7e89fcb9231556364f0o.jpg
LU14,1,http://www.altimetrias.net/aspbk/verPerfilusu.asp?id=59
GI01,1,http://www.altimetrias.net/aspbk/verPerfilusu.asp?id=165
AL09,1,http://www.altimetrias.net/aspbk/verPuerto.asp?id=173
NA12,1,http://www.altimetrias.net/aspbk/verPerfilusu.asp?id=181
AL01,1,http://www.altimetrias.net/aspbk/verPuerto.asp?id=266
LU02,1,http://www.altimetrias.net/aspbk/verPerfilusu.asp?id=1663
LU02,1,http://apmforo.mforos.com/1811138/9216882-propuesta-de-inclusion-n-4-pena-do-xastre-por-a-cubela-lugo/
CC02,1,http://www.altimetrias.net/aspbk/verPuerto.asp?id=457
CC02,2,http://39x28altimetrias.com/puertodelpiornalporvaldastillas.html
CC02,2,http://www.cyclingcols.com/profiles/PiornalW.gif
BA11,1,http://www.ramacabici.com/altimetrias/ratpenat.htm
AT08,1,http://www.altimetrias.net/aspbk/verPerfilusu.asp?id=373
CS18,1,http://www.altimetrias.net/aspbk/verPerfilusu.asp?id=631
CS18,1,http://www.puertos-en-bici.com/2013/07/pico-montemayor.html
CS15,1,http://altimetriasrutascastellon.blogspot.com.es/2008/01/santa-geda.html
AC02,1,http://www.altimetrias.net/aspbk/verPuerto.asp?id=401
AC02,2,http://www.altimetrias.net/aspbk/verPerfilusu.asp?id=904
AC02,2,http://subeaobarbanza.blogspot.com/2011/01/iroite-por-cambono.html
AC02,3,http://www.altimetrias.net/aspbk/verPerfilusu.asp?id=296
LR08,1,http://www.altimetrias.net/aspbk/verPerfilusu.asp?id=1233
LR08,2,http://www.altimetrias.net/aspbk/verPerfilusu.asp?id=901
LL07,1,http://www.altimetrias.net/aspbk/verPuerto.asp?id=485
PO11,1,http://www.altimetrias.net/aspbk/verPerfilusu.asp?id=82
PO11,2,http://fotos.subefotos.com/2a4f004e30ad047ae972bf48627bed9bo.jpg
PO11,3,http://apmforo.mforos.com/1934457/10714417-propuesta-n-48-nueva-vertiente-aloia-por-prado-pontevedra/
MA03,1,http://www.altimetrias.net/aspbk/verPuerto.asp?id=305
MA03,2,http://www.altimetrias.net/aspbk/verPuerto.asp?id=307
VA10,1,http://www.altimetrias.net/aspbk/verPerfilusu.asp?id=470
VA10,1,http://www.puertos-en-bici.com/2013/10/puerto-del-garbi.html
VA10,2,http://www.altimetrias.net/aspbk/verPerfilusu.asp?id=472
VA10,2,http://www.puertos-en-bici.com/2014/03/puerto-del-garbi.html
PR21,1,http://www.altimetrias.net/aspbk/verPerfilusu.asp?id=673
LU09,1,http://www.altimetrias.net/aspbk/verPerfilusu.asp?id=1605
AT01,1,http://www.pedalierweb.es/antbuspre.asp?nombre=2252&cod=2252&sesion=1
LR07,1,http://www.altimetrias.net/aspbk/verPuerto.asp?id=439
LR07,1,http://recorridosciclistascantabria.blogspot.com.es/2014/06/valdezcaray-por-ezcaray.html
LR07,1,http://blog.svningenieria.es/2014/05/estacion-de-esqui-de-valdezcaray-desde.html
CC03,1,http://www.altimetrias.net/aspbk/verPuerto.asp?id=434
BA15,1,http://www.altimetrias.net/aspbk/verPuerto.asp?id=429
LL15,1,http://www.ciclismoafondo.es/media/cache/original/upload/images/altimetrias/altimetria--520b5d7c4fa6c.jpg
LL15,1,http://www.salite.ch/canto1.asp
LL15,2,http://www.rocobike.com/altimetria.php?ps=1&id=11
LL15,2,http://www.salite.ch/canto.asp
LR04,1,http://www.altimetrias.net/aspbk/verPerfilusu.asp?id=1237
LR04,1,http://recorridosciclistascantabria.blogspot.com.es/2012/04/monasterio-de-valvanera.html
NA11,1,http://www.altimetrias.net/aspbk/verPuerto.asp?id=186
MA01,1,http://www.altimetrias.net/aspbk/verPerfilusu.asp?id=500
TA04,1,http://www.cicloide.com/ports/port.asp?ID=327
NA03,1,http://www.altimetrias.net/aspbk/verPuerto.asp?id=91
NA03,2,http://www.altimetrias.net/aspbk/verPuerto.asp?id=657
MU12,1,http://apmforo.mforos.com/1934457/10732694-propuesta-n-65-inclusion-la-barquilla-murcia/
CS12,1,http://www.puertos-en-bici.com/2013/07/puerto-de-puertomingalvo.html
BA10,1,http://www.ramacabici.com/altimetrias/farell01.htm
BA10,2,http://www.altimetrias.net/aspbk/verPuerto.asp?id=463
LL24,1,http://www.altimetrias.net/aspbk/verPuerto.asp?id=447
LL24,1,http://www.ramacabici.com/altimetrias/aiguestortes.htm
LL08,1,http://www.rocobike.com/altimetria.php?ps=1&id=9
LL08,2,http://www.altimetrias.net/aspbk/verPerfilusu.asp?id=121
BA13,1,http://www.altimetrias.net/aspbk/verPuerto.asp?id=541
BA13,1,http://www.ramacabici.com/altimetrias/creuetaxlapobla.htm
BA13,2,http://www.ramacabici.com/altimetrias/creueta01.htm
GI07,1,http://www.ramacabici.com/altimetrias/barraques.htm
LL05,1,http://www.ramacabici.com/altimetrias/santmaurici.htm
BI07,1,http://www.altimetrias.net/aspbk/verPuerto.asp?id=221
BI07,1,http://blog.svningenieria.es/2014/11/santuario-de-urkiola-desde-manaria.html
LU07,1,http://fotos.subefotos.com/8f6edaccd27492fe3a37f8b73f15babdo.jpg
LR13,1,http://www.altimetrias.net/aspbk/verPuerto.asp?id=63
OU01,1,http://fotos.subefotos.com/139d01bebf1844ee640a7d8099d0d415o.jpg
LU19,1,http://www.altimetrias.net/aspbk/verPerfilusu.asp?id=999
OU06,1,http://www.altimetrias.net/aspbk/verPuerto.asp?id=313
OU06,1,http://plataformarecorridosciclistas.org/2011/09/09/cabeza-de-manzaneda/
OU06,2,http://unavueltamejor.files.wordpress.com/2011/01/cabeza-de-manzaneda_.png
MA02,1,http://www.altimetrias.net/aspbk/verPerfilusu.asp?id=314
AC09,1,http://www.altimetrias.net/aspbk/verPerfilusu.asp?id=975
AC09,1,http://apmforo.mforos.com/1811138/9351252-propuesta-de-inclusion-n-57-fragas-do-eume-a-coruna/
PR03,1,http://www.altimetrias.net/aspbk/verPerfilusu.asp?id=954
CC04,1,http://www.desdemispedales.com/altimetrias/espana/extremadura/caceres/item/253-montanchez-antenas-por-ex-382
CC04,1,http://39x28altimetrias.com/antenasdemontanchez.html
AT06,1,http://www.altimetrias.net/aspbk/verPuerto.asp?id=644
CC06,1,http://www.desdemispedales.com/altimetrias/espana/extremadura/caceres/item/249-radar-de-cancho-blanco-por-zarza-de-montanchez
CC12,1,http://www.desdemispedales.com/altimetrias/espana/extremadura/caceres/item/254-la-garganta-por-banos-de-montemayor
CC12,2,http://www.altimetrias.net/aspbk/verPerfilusu.asp?id=343
CD02,1,http://www.altimetrias.net/aspbk/verPuerto.asp?id=329
GR07,1,http://www.altimetrias.net/aspbk/verPerfilusu.asp?id=1062
JA14,1,http://andaluciacicloturismo.wordpress.com/2013/05/29/alto-de-despiernacaballos-el-canon-del-rio-segura/
ML07,1,http://www.altimetrias.net/aspbk/verPuerto.asp?id=481
ML01,1,http://www.altimetrias.net/aspbk/verPerfilusu.asp?id=225
ML16,1,http://www.altimetrias.net/aspbk/verPuerto.asp?id=502
TE15,1,http://fotos.subefotos.com/9677c18192e689933dcb096c47a7c6b8o.jpg
TE15,1,http://apmforo.mforos.com/1934457/10731140-propuesta-n-64-inclusion-tarrascon-de-penacerrada-teruel/
SC04,2,http://www.altimetrias.net/aspbk/verPuerto.asp?id=147
SC04,3,http://www.altimetrias.net/aspbk/verPuerto.asp?id=134
SC04,4,http://www.altimetrias.net/aspbk/verPuerto.asp?id=135
HU17,1,http://fotos.miarroba.es/fotos/9/e/9e0f08f9.jpg
AB09,1,http://www.cyclingcols.com/asp/colframe.asp?cl=12867&p=5267&init=-2
SA02,1,http://www.altimetrias.net/aspbk/verPuerto.asp?id=649
SA02,1,http://www.desdemispedales.com/altimetrias/espana/castilla-y-leon/salamanca/item/56-saucelle-por-aldeaduero
SA07,1,http://www.altimetrias.net/aspbk/verPuerto.asp?id=505
SA07,1,http://www.desdemispedales.com/altimetrias/espana/castilla-y-leon/salamanca/item/51-portillo-de-las-batuecas-por-rio-batuecas-santuario
BU08,1,http://www.altimetrias.net/aspbk/verPuerto.asp?id=184
BU08,1,http://www.altimetrias.net/aspbk/verPerfilusu.asp?id=15
CA04,1,http://www.altimetrias.net/aspbk/verPuerto.asp?id=187
LE15,1,http://39x28altimetrias.com/pandetrave.html
LE15,1,http://perso.wanadoo.es/e/elnavajas/pandetrave.gif
CA07,1,http://www.altimetrias.net/aspbk/verPuerto.asp?id=194
CA07,2,http://www.altimetrias.net/aspbk/verPuerto.asp?id=195
AV16,1,http://www.altimetrias.net/aspbk/verPuerto.asp?id=385
AV07,1,http://www.altimetrias.net/aspbk/verPuerto.asp?id=673
AV07,1,http://www.altimetrias.net/aspbk/verPerfilusu.asp?id=188
CR07,1,http://www.altimetrias.net/aspbk/verPerfilusu.asp?id=137
GU05,1,http://www.altimetrias.net/aspbk/verPerfilusu.asp?id=185
ML08,1,http://www.altimetrias.net/aspbk/verPerfilusu.asp?id=531
ML08,2,http://www.altimetrias.net/aspbk/verPerfilusu.asp?id=251
ML08,3,http://www.altimetrias.net/aspbk/verPerfilusu.asp?id=730
LE06,1,http://www.altimetrias.net/aspbk/verPerfilusu.asp?id=779
LE06,1,http://www.desdemispedales.com/altimetrias/espana/castilla-y-leon/leon/item/130-valporquero
CS17,1,http://www.altimetrias.net/aspbk/verPerfilusu.asp?id=628
CS17,1,http://altimetriasrutascastellon.blogspot.com.es/2008/12/mas-del-moro.html
MA04,1,http://www.altimetrias.net/aspbk/verPuerto.asp?id=284
MA04,1,http://www.desdemispedales.com/altimetrias/espana/madrid/item/36-morcuera-por-miraflores-de-la-sierra
MA04,2,http://www.altimetrias.net/aspbk/verPuerto.asp?id=286
PR20,2,http://apmforo.mforos.com/1934457/10724672-propuesta-n-55-vertiente-para-el-po-20-portelinha-portugal/
LR12,1,http://www.altimetrias.net/aspbk/verPuerto.asp?id=206
LR12,2,http://www.altimetrias.net/aspbk/verPuerto.asp?id=207
NA08,1,http://www.altimetrias.net/aspbk/verPuerto.asp?id=467
NA04,1,http://www.altimetrias.net/aspbk/verPerfilusu.asp?id=119
NA04,2,http://blog.svningenieria.es/2014/11/puerto-de-agina-desde-lesaka.html
MA05,1,http://www.altimetrias.net/aspbk/verPuerto.asp?id=380
MA05,2,http://recorridosciclistascantabria.blogspot.com.es/2011/08/la-bola-del-mundo-por-guadarrama.html
OU14,1,http://apmforo.mforos.com/1934457/10709383-propuesta-n-46-inclusion-azureira/
LR11,1,http://www.altimetrias.net/aspbk/verPuerto.asp?id=143
LR11,2,http://www.altimetrias.net/aspbk/verPuerto.asp?id=144
PO01,1,http://www.altimetrias.net/aspbk/verPerfilusu.asp?id=290
CE01,1,http://www.altimetrias.net/aspbk/verPuerto.asp?id=377
CE01,2,http://www.altimetrias.net/aspbk/verPuerto.asp?id=383
LL23,1,http://www.ramacabici.com/altimetrias/arresmirador.htm
CC11,1,http://www.altimetrias.net/aspbk/verPerfilusu.asp?id=1612
CC11,1,http://fotos.miarroba.com/fotos/c/3/c3dff0b2.jpg
CC11,2,http://www.altimetrias.net/aspbk/verPerfilusu.asp?id=1611
BI06,1,http://www.altimetrias.net/aspbk/verPuerto.asp?id=229
VA03,1,http://www.altimetrias.net/aspbk/verPuerto.asp?id=491
TE08,1,http://fotos.subefotos.com/e20d9c86fff178918aa9e1339e2ae111o.jpg
TE08,1,http://www.puertos-en-bici.com/2013/08/puerto-de-majalinos.html
TE08,2,http://apmforo.mforos.com/1934457/10677349-propuesta-n-23-nueva-vertiente-majalinos-por-ejulve/
CD07,1,http://www.altimetrias.net/aspbk/verPerfilusu.asp?id=486
CD07,1,http://www.altimetrias.net/aspbk/verPerfilusu.asp?id=80
CO02,1,http://www.altimetrias.net/aspbk/verPerfilusu.asp?id=366
GR06,1,http://andaluciacicloturismo.wordpress.com/2014/08/29/puerto-de-parapanda-por-el-olivar-granaino/
GR06,1,http://www.altimetrias.net/aspbk/verPerfilusu.asp?id=28
ML06,1,http://www.altimetrias.net/aspbk/verPerfilusu.asp?id=405
GR20,1,http://www.altimetrias.net/aspbk/verPerfilusu.asp?id=1165
GR20,2,http://apmforo.mforos.com/1811138/9334011-propuesta-de-inclusion-n-52-albondon-granada/
JA16,1,http://www.altimetrias.net/aspbk/verPerfilusu.asp?id=888
JA16,1,http://apmforo.mforos.com/1934457/10708480-propuesta-n-43-inclusion-alto-de-marchena/
AL10,1,http://www.altimetrias.net/aspbk/verPuerto.asp?id=192
CA02,1,http://www.altimetrias.net/aspbk/verPuerto.asp?id=177
CA02,2,http://www.altimetrias.net/aspbk/verPuerto.asp?id=176
CA02,2,http://recorridosciclistascantabria.blogspot.com.es/2014/09/piedrasluengas-por-ojedo.html
ZA01,1,http://www.adrianlorente.com/puertos/datos/Z/used01.html
IB03,1,http://www.mallorcaenbici.com/imagenes/altimetrias/puiggalatzo.jpg
TE04,1,http://www.puertos-en-bici.com/2013/10/puerto-de-la-virgen-del-tremedal.html
TE04,1,http://www.altimetrias.net/aspbk/verPerfilusu.asp?id=578
BA09,1,http://www.ramacabici.com/altimetrias/estenalles01.htm
BA09,2,http://www.altimetrias.net/aspbk/verPerfilusu.asp?id=303
AN09,1,http://www.rocobike.com/altimetria.php?ps=2&id=4
AN09,1,http://unavueltamejor.files.wordpress.com/2009/03/envalira-w.png
SV02,1,http://www.altimetrias.net/aspbk/verPerfilusu.asp?id=147
IB06,1,http://www.altimetrias.net/aspbk/verPuerto.asp?id=661
IB06,1,http://www.cyclingmallorca.com/llibrecolls/sobremunt.htm
AS04,1,http://www.altimetrias.net/aspbk/verPuerto.asp?id=413
AS37,1,http://recorridosciclistascantabria.blogspot.com.es/2011/10/oceno-collada-trespandiu.html
AS37,1,http://apmforo.mforos.com/1811138/9282638-propuesta-inclusion-n-32-oceno-majada-jaces-asturias/
TO03,1,http://www.altimetrias.net/aspbk/verPerfilusu.asp?id=182
TO03,2,http://www.tresplatos.com/marco.html?foto=/altimetrias/alt-Robledillo-SanPablo.gif&texto=Subida%20al%20Puerto%20de%20El%20Robledillo.%20Vertiente%20desde%20San%20Pablo%20de%20los%20Montes.%20Esta%20subida%20también%20es%20denominada%20por%20los%20lugareños%20como%20subida%20a%20Baños%20de%20la%20Guarra
ZM04,1,http://www.altimetrias.net/aspbk/verPerfilusu.asp?id=575
AM07,1,"http://1.bp.blogspot.com/__26iSnLHYMk/TGpT0qTKBVI/AAAAAAAAATo/VD0dUT2A8bk/s1600/Guainos+Bajos-Los+PÃ©rez+(513m)+(01)+Perfil+(4,44k-11,35%25)+(205C)+(1Âª)+-+La+Parra+(626m)+(9,24k-6,67%25)+(123C)+(1Âª).jpg"
AM07,1,http://39x28altimetrias.com/elcorral.html
AM07,2,"http://1.bp.blogspot.com/__26iSnLHYMk/TGpT0qTKBVI/AAAAAAAAATo/VD0dUT2A8bk/s1600/Guainos+Bajos-Los+PÃ©rez+(513m)+(01)+Perfil+(4,44k-11,35%25)+(205C)+(1Âª)+-+La+Parra+(626m)+(9,24k-6,67%25)+(123C)+(1Âª).jpg"
AM06,1,http://www.altimetrias.net/aspbk/verPerfilusu.asp?id=5
HL02,1,http://apmforo.mforos.com/1934457/10702495-propuesta-n-37-fusion-c-mayores-pasaria-a-ser-sra-del-viento/
HL04,1,http://www.altimetrias.net/aspbk/verPerfilusu.asp?id=745
JA01,1,http://www.cyclingcols.com/col/Palomas_Cazorla
JA01,2,http://www.cyclingcols.com/col/Palomas_Cazorla
JA06,1,http://andaluciacicloturismo.wordpress.com/2014/02/18/castillo-de-santa-catalina-alcazar-del-santo-reino/
JA05,2,http://andaluciacicloturismo.wordpress.com/2013/10/23/puerto-de-tiscar-por-huesa-baluarte-entre-penas-y-olivos/
SV04,1,https://andaluciacicloturismo.wordpress.com/2013/04/28/penon-de-algamitas-centinela-de-la-campina/
SV04,1,http://www.altimetrias.net/aspbk/verPerfilusu.asp?id=532
SV03,1,http://www.altimetrias.net/aspbk/verPerfilusu.asp?id=154
TE01,1,http://www.altimetrias.net/aspbk/verPuerto.asp?id=415
TE01,1,http://www.puertos-en-bici.com/2013/06/puerto-de-valdelinares.html
TE11,1,http://www.altimetrias.net/aspbk/verPerfilusu.asp?id=370
HU07,1,http://www.altimetrias.net/aspbk/verPuerto.asp?id=391
HU07,1,http://www.cicloide.com/ports/port.asp?ID=171
AS19,1,http://39x28altimetrias.com/puertodesanisidro.html
AS12,1,http://www.altimetrias.net/aspbk/verPuerto.asp?id=381
AS09,1,http://blog.svningenieria.es/2014/04/pozo-de-las-mujeres-muertas-por-san.html
AS09,2,http://39x28altimetrias.com/pozoporvalledor.html
AS09,2,http://www.carlosvega.net/puertos/82/pozo-de-las-mujeres-muertas-por-norte
AS09,3,http://fotos.subefotos.com/20b1c0b80d8e5d7271d24f6c4a5acd12o.jpg
AS09,3,http://www.carlosvega.net/puertos/53/pozo-de-las-mujeres-muertas-por-as-15-este
HU01,1,http://www.zanibike.net/altimetria/4965/Spagna/salita_Tella+-+Hospital+de+Tella.aspx
AS05,1,http://www.altimetrias.net/aspbk/verPuerto.asp?id=24
AS05,1,http://39x28altimetrias.com/jitudeescarandi.html
AS05,1,http://recorridosciclistascantabria.blogspot.com.es/2013/08/collada-barreda-por-arenas-de-cabrales.html
HU08,1,http://www.altimetrias.net/aspbk/verPuerto.asp?id=517
TE02,1,http://www.altimetrias.net/aspbk/verPerfilusu.asp?id=1441
TE02,1,http://www.zanibike.net/altimetria/4960/Spagna/salita_Alto+de+la+Mata+-+Torres+de+Albarracin.aspx
AS14,1,http://gcensidesa.blogcindario.com/2013/12/00018-santuario-del-acebo.html
AS14,1,http://www.carlosvega.net/puertos/59/santuario-del-acebo-por-cangas-del-narcea
AS26,1,http://www.altimetrias.net/aspbk/verPuerto.asp?id=681
AS26,2,http://www.carlosvega.net/puertos/61/leitariegos-por-cangas-del-narcea
AS16,1,http://i1163.photobucket.com/albums/q542/anzarlou/PELLICEIRA_cecos378-15.png
SE06,1,http://www.altimetrias.net/aspbk/verPerfilusu.asp?id=717
SE06,1,http://39x28altimetrias.com/navapelegr%C3%ADn.html
AS28,1,http://www.altimetrias.net/aspbk/verPuerto.asp?id=547
VA06,1,http://www.altimetrias.net/aspbk/verPerfilusu.asp?id=1596
ZM07,1,http://www.altimetrias.net/aspbk/verPerfilusu.asp?id=419
LP03,1,http://www.altimetrias.net/aspbk/verPuerto.asp?id=218
BU01,1,http://fotos.subefotos.com/0cc98638de52a8092d1a4e095b756899o.jpg
AS39,1,http://fotos.subefotos.com/03d146fbab15aa4c3ca60378404ba68fo.png
AS39,1,http://apmforo.mforos.com/1811138/9248379-propuesta-inclusion-n-15-alto-venta-de-corredoria/
ZA07,1,http://fotos.miarroba.com/fotos/0/2/0266e5da.jpg
AS24,1,http://www.altimetrias.net/aspbk/verPuerto.asp?id=334
AS24,2,http://www.altimetrias.net/aspbk/verPuerto.asp?id=57
BU10,1,http://www.altimetrias.net/aspbk/verPuerto.asp?id=185
BU10,1,http://recorridosciclistascantabria.blogspot.com.es/2011/01/la-sia-las-machorras.html
ZM03,1,http://www.altimetrias.net/aspbk/verPerfilusu.asp?id=1071
ZM03,1,http://www.desdemispedales.com/altimetrias/espana/castilla-y-leon/zamora/item/40-laguna-de-los-peces-por-rio-tera
BU03,1,http://www.altimetrias.net/aspbk/verPuerto.asp?id=487
BU03,1,http://fotos.subefotos.com/d67715ec4d17b4012c43709aa8c51c72o.jpg
BU03,2,http://www.altimetrias.net/aspbk/verPerfilusu.asp?id=1576
BU03,2,http://fotos.subefotos.com/81333ce9f347bace2336de239c6e12a4o.jpg
BU03,3,http://www.altimetrias.net/aspbk/verPuerto.asp?id=35
BU03,4,http://fotos.subefotos.com/6a71166ab3aad42487161740fa914118o.jpg
BU03,4,http://apmforo.mforos.com/1934457/10670702-propuesta-n-19-nueva-vertiente-lagunas-de-neila-por-huerta-de-arriba-burgos/
AS32,1,http://apmforo.mforos.com/1811138/9316494-propuesta-nueva-vertientes-n-9-as32-la-bobia-por-molejon-y-por-soutelo/
AS32,2,http://www.gcensidesa.es/wwwold/puertos/bobia.gif
AS32,3,http://apmforo.mforos.com/401631/9307112-asturias-la-bobia-por-molejon/
AS32,4,http://www.altimetriasturias.com/La%20Bobia-Vegadeo.gif
AS27,1,http://www.39x28altimetrias.com/tenebreosur.html
AS18,1,http://recorridosciclistascantabria.blogspot.com.es/2013/08/collada-llomena-por-puente-vidosa.html
AS18,2,http://www.altimetrias.net/aspbk/verPerfilusu.asp?id=444
TE13,1,http://www.puertos-en-bici.com/2013/07/puerto-de-cabigordo_5658.html
TE13,1,http://www.cyclingcols.com/asp/colframe.asp?cl=8725
AS36,1,http://www.altimetrias.net/aspbk/verPerfilusu.asp?id=573
ZA08,1,http://www.adrianlorente.com/puertos/datos/Z/tosos.html
CS07,1,http://www.altimetrias.net/aspbk/verPerfilusu.asp?id=1077
CS07,1,http://altimetriasrutascastellon.blogspot.com.es/2008/10/port-de-torremir.html
HU04,1,http://fotos.miarroba.es/fotos/f/4/f4e939d9.jpg
HU04,2,http://fotos.miarroba.es/fotos/f/4/f4e939d9.jpg
AS15,1,http://www.altimetrias.net/aspbk/verPuerto.asp?id=518
AS15,2,http://www.39x28altimetrias.com/cruzdelinaresnorte.html
AS15,2,http://www.puertos-en-bici.com/2014/06/cruz-de-linares.html
AN07,1,http://www.rocobike.com/altimetria.php?ps=2&id=5
AN07,1,http://unavueltamejor.files.wordpress.com/2009/03/rabassa.png
AN07,2,http://fotos.subefotos.com/38e10ef5c5d13f0a935e9d7636ef2f41o.jpg
IB02,1,http://www.cicloide.com/ports/port.asp?ID=848
IB02,1,http://www.cyclingcols.com/asp/colframe.asp?cl=11132
IB02,2,http://fotos.miarroba.es/fo/06fd/2B5127F2E02A50E5DC8F1B50E5DB72.jpg
AS17,1,http://www.altimetrias.net/aspbk/verPuerto.asp?id=274
AS17,1,http://www.desdemispedales.com/altimetrias/espana/asturias/item/13-l-angliru-por-la-vega-riosa
AS17,2,http://www.altimetrias.net/aspbk/verPuerto.asp?id=257
TE06,1,http://www.altimetrias.net/aspbk/verPerfilusu.asp?id=806
AN01,1,http://www.altimetrias.net/aspbk/verPuertoW.asp?id=10
AN01,1,http://www.ramacabici.com/altimetrias/arcalis.htm
AS23,1,http://www.altimetrias.net/aspbk/verPuerto.asp?id=338
AS30,1,http://www.altimetrias.net/aspbk/verPuerto.asp?id=655
AS30,1,http://andaluciacicloturismo.wordpress.com/2014/09/08/alto-de-la-farrapona-lagos-de-saliencia/
CS14,1,http://www.altimetrias.net/aspbk/verPerfilusu.asp?id=475
CS14,2,http://www.altimetrias.net/aspbk/verPerfilusu.asp?id=481
CS14,2,http://www.puertos-en-bici.com/2013/09/puerto-de-almedijar.html
CS14,3,http://apmforo.mforos.com/1934457/10667302-propuesta-n-11-nueva-vertiente-almedijar-por-tales/
CS05,1,http://www.altimetrias.net/aspbk/verPerfilusu.asp?id=554
CS05,1,http://altimetriasrutascastellon.blogspot.com.es/2008/10/collet-de-la-bandereta.html
CS05,2,http://www.altimetrias.net/aspbk/verPerfilusu.asp?id=553
CS05,2,http://altimetriasrutascastellon.blogspot.com.es/2008/10/collet-de-la-bandereta.html
TE03,2,http://www.altimetrias.net/aspbk/verPerfilusu.asp?id=804
TE03,3,http://www.altimetrias.net/aspbk/verPuerto.asp?id=236
TE03,3,http://www.puertos-en-bici.com/2013/06/ascension-javalambre.html
CS04,1,http://www.altimetrias.net/aspbk/verPuerto.asp?id=529
CS04,1,http://www.puertos-en-bici.com/2013/07/puerto-de-vistabella.html
CS04,2,http://altimetriasrutascastellon.blogspot.com.es/2008/11/benafigos.html
AS11,1,http://www.altimetrias.net/aspbk/verPuerto.asp?id=468
AS11,1,http://www.39x28altimetrias.com/gamoniteirulena.html
AS11,1,http://andaluciacicloturismo.wordpress.com/2013/11/24/pico-gamoniteiro-por-pola-de-lena-mas-alla-del-olimpo-ciclista/
AS11,2,http://www.altimetrias.net/aspbk/verPuerto.asp?id=538
SE05,1,http://39x28altimetrias.com/fuentelareina.html
SE05,1,http://fotos.subefotos.com/adc2bf14e3214cdeac74f3ce211058cfo.jpg
AS10,1,http://www.altimetrias.net/aspbk/verPerfilusu.asp?id=798
AN12,1,http://www.cicloide.com/ports/port.asp?ID=974
BA17,1,http://www.ramacabici.com/altimetrias/santisidre01.htm
TE12,1,http://www.altimetrias.net/aspbk/verPerfilusu.asp?id=1455
TE12,1,http://www.altimetrias.net/aspbk/verPerfilusu.asp?id=1423
AS22,1,http://www.altimetrias.net/aspbk/verPuerto.asp?id=670
AS22,2,http://www.39x28altimetrias.com/maravioporvillamayor.html
AS22,3,http://www.altimetrias.net/aspbk/verPerfilusu.asp?id=1736
HU06,1,http://www.altimetrias.net/aspbk/verPuerto.asp?id=358
TE10,1,http://www.altimetrias.net/aspbk/verPerfilusu.asp?id=1688