AB01,RÍO TUS,38.444667,-2.361769
AB02,VIANOS,38.57661,-2.41852
AB03,VILLAVERDE DE GUADALIMAR,38.49469,-2.555
AB04,LA GRAYA,38.2629,-2.34585
AB05e,CORTIJO DEL CURA,38.51673,-2.50872
AB06,CM-3216 (SUR),38.65402,-2.32668
AB07,YESTE,38.360884,-2.352105
AB08,CM-412,38.52764,-2.42482
AB09,VILLAVERDE DE GUADALIMAR,38.46821,-2.45576
AB10,RÍO SEGURA,38.28177,-2.40253
AC01,TARAMANCOS,42.771922,-8.914711
AC02,POMARDORIO,42.7263,-8.92024
AC03,CEDEIRA,43.722283,-7.945114
AC04,A RIBEIRA DO FREIXO,42.82691,-8.95332
AC05,PORTO DO SON,42.703348,-8.983558
AC06,TEAIO,42.74394,-8.7651
AC07,O VISO / CARNOTA,42.85011,-9.05361
AC08,POBRA DO CARAMIÑAL,42.636098,-8.977534
AC09,CENTRAL DO EUME,43.396516,-8.0333
AL01,BARANBIO,42.976664,-2.870275
AL02,ELORTZA,42.79303,-2.33287
AL03,LLODIO,43.13255,-3.00953
AL04,SALVATIERRA,42.81493,-2.33178
AL05,LEZA,42.59638,-2.68247
AL06,BERNEDO,42.60552,-2.46936
AL07,ORDUÑA,42.98941,-2.95436
AL08,VENTA DE ORDUÑA,42.94917,-3.03036
AL09,OSMA,42.90139,-3.02991
AL10,SAN VICENTE DE ARANA,42.779801,-2.326272
AL11,ARAMAIO,43.02728,-2.58167
AL12,BITORIANO,42.93188,-2.82654
AM01,OHANES,37.09048,-2.75463
AM02,ABLA,37.25332,-2.77476
AM03,OLULA DEL RÍO,37.21056,-2.28477
AM04,EL PARADOR DE LAS HORTICHUELAS,36.89813,-2.61186
AM05,TURRILLAS,36.99531,-2.30106
AM06,MACAEL,37.29684,-2.34216
AM07,GUAINOS BAJOS KM.382,36.77351,-3.08026
AM08,GÉRGAL,37.22206,-2.54676
AM09,VELEFIQUE,37.25207,-2.41271
AM10,TURRE,37.08284,-1.93437
AM11,ALBÁNCHEZ,37.2141,-2.1974
AN01,ORDINO,42.63162,1.48265
AN02,AIXOVALL / BIXESSARRI,42.4604,1.44935
AN03,ANDORRA LA VELLA,42.57288,1.47101
AN04,ANDORRA LA VELLA,42.500534,1.531415
AN05,ANDORRA LA VELLA,42.53944,1.63243
AN06,ESCALDES / ENGORDANY,42.517446,1.568343
AN07,AIXIRIVALL,42.4356,1.52119
AN08,ORDINO,42.55612,1.57203
AN09,ANDORRA LA VELLA,42.5405,1.71903
AN10,AIXOVALL,42.51034,1.42984
AN11,ANDORRA LA VELLA,42.54639,1.41948
AN12,ANDORRA LA VELLA / ANYÓS,42.52775,1.54788
AS01,SAN MARTÍN DE TEVERGA,43.05812,-6.00439
AS02,PRECENDI / SAMES,43.25217,-5.07811
AS03,CECOS,43.04327,-6.72047
AS04,N-625 PUENTE LA HUERA,43.18988,-5.09109
AS05,PONCEBOS,43.23754,-4.71922
AS06,LA PLAZA (TEVERGA),43.14116,-6.19492
AS07,AS-114,43.27226,-4.98264
AS08,LA FRECHA,42.96889,-5.78866
AS09,SAN ANTOLÍN DE IBIAS,43.1074,-6.7854
AS10,LA FOZ,43.07593,-5.24306
AS11,POLA DE LENA,43.18783,-5.92368
AS12,POLA DE SOMIEDO,43.06801,-6.18668
AS13,LA RIERA,43.03047,-6.2314
AS14,CANGAS DEL NARCEA,43.15847,-6.49919
AS15,PROAZA,43.27229,-6.02865
AS16,CECOS,42.94334,-6.83447
AS17,LA VEGA (RIOSA),43.22163,-5.94187
AS18,PUENTE VIDOSA,43.20141,-5.13809
AS19,FELECHOSA,43.06547,-5.3865
AS20,PUENTE MIERA,43.23082,-5.368
AS21,ARGATÓN,43.51141,-6.26206
AT01,PARCENT,38.72343,-0.07877
AT02,XIXONA (FÁBRICA DE TURRÓN),38.60396,-0.48605
AT03,BENIARDÁ,38.65785,-0.24182
AT04,RÍO GUADALEST,38.69733,-0.29901
AT05,PEGO,38.81539,-0.13042
AT06,CASTILLO ALFAZ DEL PI,38.556325,-0.061831
AT07,ADSUBIA,38.83035,-0.17735
AT08,A-7 (TIBI),38.50779,-0.646652
AT09,ALCOI,38.66528,-0.53996
AT10,CV-755,38.65785,-0.05485
AT11,CASTALLA,38.53226,-0.66887
AT12,ORXETA / SELLA,38.65014,-0.32481
AT13,SAGRA,38.76853,-0.15156
AV01,VILLAFRANCA DE LA SIERRA,40.45596,-5.16269
AV02,PIEDRAHITA,40.42225,-5.29876
AV03,BURGOHONDO,40.49778,-4.73608
AV04,SANTA CRUZ DEL VALLE,40.30744,-4.94784
AV05,TREMEDAL,40.3647,-5.6175
AV06,NAVACEPEDA DE TORMES,40.27502,-5.23244
AV07,ARENAS DE SAN PEDRO,40.23398,-5.16149
AV08,N-502 NAVALSAUZ,40.40685,-5.06457
AV09,MOMBELTRÁN,40.3216,-5.01314
AV10,GAVILANES,40.3315,-4.8138
AV11,ARENAS DE SAN PEDRO,40.28791,-5.06133
AV12,CL-501,40.2501,-4.969
AV13,PUENTE DEL MORISCO,40.34688,-4.88082
AV14,PUENTE DEL MORISCO,40.41776,-4.95492
AV15,CEBREROS,40.49696,-4.51835
AV16,HERRADÓN DE PINARES,40.59015,-4.51162
AV17,ARENAS DE SAN PEDRO,40.2623,-5.1371
BA01,BERGA,42.14155,1.76446
BA02,SANT CELONI,41.79208,2.449
BA03,SANT PERE DE TORELLÓ,42.10848,2.37661
BA04,SANT CELONI,41.77712,2.43617
BA05,LA POBLA DE LILLET,42.22717,1.94569
BA06,SANT PERE DE TORELLÓ,42.10176,2.29375
BA07,BAGÀ,42.2601,1.76598
BA08,BAGÀ,42.30364,1.92241
BA09,TERRASSA,41.6704,1.99479
BA10,CALDES DE MONTBUÍ (larga),41.66422,2.13302
BA11,CASTELLDEFELS,41.29209,1.91054
BA12,MONISTROL,41.59261,1.83675
BA13,LA POBLA DE LILLET,42.3015,1.9924
BA14,CENTRAL TÉRMICA DE CERCS,42.16625,1.76725
BA15,MONTSENY,41.8011,2.34738
BA16,GUARDIOLA DE BERGUEDÁ,42.20114,1.76982
BA17,"C-16, DIRECCIÓN MALANYEU",42.18086,1.88692
BA18,L'ESPUNYOLA,42.07411,1.71007
BA19,TAGAMANENT,41.74697,2.30337
BD01,FERIA,38.51296,-6.56772
BD02,RÍO ARDILLA,38.05444,-6.33801
BU01,SALAS DE BUREBA,42.75401,-3.6118
BU02,AÑES,43.02445,-3.1918
BU03,VILLAVELAYO,42.04625,-3.04281
BU04,VALDENOCEDA,42.81554,-3.61837
BU05,PESQUERA DE EBRO,42.79746,-3.67513
BU06,POZA DE LA SAL,42.66918,-3.5344
BU07,FRÍAS,42.69023,-3.2663
BU08,LAS MACHORRAS,43.1711,-3.6548
BU09,ESPINOSA DE LOS MONTEROS,43.13018,-3.54624
BU10,LAS MACHORRAS,43.15291,-3.57311
BU10e,LAS MACHORRAS,43.10469,-3.64943
BU11,VALMALA,42.27139,-3.257
CA01,HERAS,43.37844,-3.77906
CA02,PUENTENANSA,43.0415,-4.45796
CA03,POTES,43.06699,-4.76603
CA04,FRESNEDA,43.0635,-4.23233
CA05,VEGA DE PAS,43.11804,-3.70304
CA06,LA CAVADA,43.29957,-3.65109
CA07,RAMALES DE LA VICTORIA,43.1516,-3.4416
CA08,ARREDONDO,43.15291,-3.57311
CA09,COTERILLO,43.27014,-3.76309
CA10,SELAYA,43.17743,-3.79729
CA11,LIÉRGANES,43.1711,-3.6548
CA12,SELAYA,43.22228,-3.7315
CA13,LA HERMIDA,43.23875,-4.66281
CA14,LOS PANDOS,43.04804,-3.87921
CA15,ESPINILLA,43.04532,-4.39458
CA16,LA HERMIDA,43.24591,-4.54182
CA17,LA FLORIDA,43.29568,-4.4125
CA17e,GURIEZO,43.31247,-3.35871
CA18,BUSTABLADO,43.25489,-3.6665
CA19,VILLASUSO DE CIEZA,43.20527,-4.14882
CC01,VILLAR DE PLASENCIA,40.12538,-6.00037
CC02,GARGANTA LA OLLA,40.1246,-5.81651
CC03,JERTE,40.27288,-5.66234
CC04,EX-382,39.21497,-6.12458
CC05,PINOFRANQUEADO,40.39962,-6.39753
CC06,ZARZA DE MONTÁNCHEZ,39.21514,-6.03772
CC07,RIVERA DEL ACEBO,40.24686,-6.68784
CC08,NUÑOMORAL,40.45231,-6.29503
CC09,LAS ACEBADILLAS,39.46939,-5.40192
CC10,VALLE DEL JERTE,40.22186,-5.87166
CC11,NAVATRASIERRA,39.5741,-5.35035
CC12,BAÑOS DE MONTEMAYOR,40.33151,-5.79491
CD01,ZAHARA DE LA SIERRA,36.78762,-5.37676
CD02,ENSENADA DE BOLONIA,36.11156,-5.78013
CD03,JIMENA DE LA FRONTERA,36.55945,-5.60116
CD04,LA LÍNEA DE LA CONCEPCIÓN,36.12405,-5.34309
CD05,MEDINA SIDONIA,36.456455,-5.924987
CD06,UBRIQUE,36.70516,-5.37297
CD07,EL CUERVO,36.83264,-5.95574
CD08,EL BOSQUE,36.75564,-5.3948
CD09,UBRIQUE,36.61813,-5.43283
CD10,SUR,36.4781,-5.59956
CE01,"N-354 (PK. 2,1)",35.89286,-5.3641
CO01,LUCENA,37.3761,-4.4672
CO02,RÍO GUADIATO,37.94305,-4.93607
CO03,CABRA,37.48692,-4.37986
CO04,RÍO GUADIATO,37.96399,-4.9716
CO05,CV-119,37.90694,-4.85853
CO06,ZUHEROS,37.54071,-4.30515
CO07,RÍO CUZNA,38.15089,-4.70942
CO08,SOLERCHE,37.30494,-4.28187
CR01,GARGANTA DEL MONTORO,38.4759,-3.77852
CR02,PRESA DE MONTORO,38.47983,-4.09726
CR03,CR-1342,39.3076,-3.41717
CR04,RÍO GUADIANA,39.12184,-4.56512
CR05,RÍO ROBLEDILLO,38.47298,-4.06866
CR06,RÍO ROBLEDILLO,38.40788,-4.06986
CR07,VILLARRUBIA DE LOS OJOS,39.2777,-3.63264
CR08,ARROYO DE LA VILLA,38.77455,-4.86809
CS01,LA SÉNIA,40.69416,0.16626
CS02,ROSSELL,40.62349,0.16249
CS03,BENICÀSSIM,40.08534,0.03121
CS04,ATZENETA DEL MAESTRAT,40.2933,-0.2893
CS05,BENLLOCH,40.27579,-0.03249
CS06,TORRE D'EN DOMENECH,40.3234,0.02987
CS07,HERBÉS,40.67077,-0.05847
CS08,LUCENA DE CID,40.17409,-0.30445
CS09,ATZENETA DEL MAESTRAT,40.26236,-0.28083
CS10,ESLIDA,39.87231,-0.32466
CS11,FIGUEROLES,40.14143,-0.35049
CS12,PUENTE RÍO CARBÓ (VILLAHERMOSA),40.26484,-0.46242
CS13,ATZENETA,40.29045,-0.23621
CS14,ALMEDÍJAR,39.89028,-0.35927
CS15,VALLIBONA,40.58069,0.02701
CS16,ALCOSSEBRE,40.26139,0.26712
CS17,ARGELITA,40.09158,-0.3206
CS18,ALTURA,39.82838,-0.62234
CS19,EL TORO,39.89263,-0.80796
e,,,
EL,JUNTAS DE MILLER,38.21037,-2.42878
GI01,MADREMANYA,41.98443,2.90923
GI02,ARBÚCIES,41.86665,2.46377
GI03,CARRETERA DE PUJARNOL,42.07172,2.68641
GI04,ALP,42.335,1.8875
GI05,VALL D'EN BAS,42.10848,2.37661
GI06,OLOT,42.19718,2.34596
GI07,RIBES DE FRESSER,42.33848,2.12133
GI08,VALL DE BIANYA,42.25659,2.39785
GI09,PUIGCERDÀ,42.33609,1.9911
GI10,SANT PRIVAT D'EN BAS,42.15494,2.33987
GI11,SETCASES,42.42698,2.26555
GI12,HOSTALETS D'EN BAS,42.02161,2.53646
GI13,BESALÚ / BEUDA,42.2584,2.70791
GI14,PORT DE LA SELVA,42.32565,3.16108
GI15,RIERA SALIONÇ (GI-682),41.76379,2.93867
GI16,RIBES DE FRESSER,42.26978,2.20806
GP01,OÑATI,42.97969,-2.40162
GP02,ZEGAMA,42.93071,-2.27282
GP03,BEASAÍN,43.06589,-2.204
GP04,IRÚN,43.29231,-1.77867
GP05,AZPEITIA,43.15042,-2.18957
GP06,BERGARA,43.12839,-2.37693
GP07,SORALUZE (PLACENCIA DE LAS ARMAS),43.1929,-2.41509
GP08,EIBAR,43.20541,-2.44693
GP09,ZESTOA,43.2089,-2.32154
GP10,OIARTZUN,43.24523,-1.81253
GP11,HONDARRIBIA,43.35041,-1.85192
GP12,AZKOITIA,43.14028,-2.30437
GP13,NUARBE,43.12252,-2.18326
GR01,GUÁJAR / FARAGÜIT,36.87197,-3.5387
GR02,SANTIAGO DE LA ESPADA,38.00102,-2.59104
GR03,CHAPARRAL,37.25999,-3.53001
GR04,MONACHIL,37.13647,-3.47334
GR05,LA ZUBIA,37.09589,-3.5426
GR06,MOLINO DEL REY,37.32565,-3.90455
GR07,RÍO GUADALFEO,36.93208,-3.42191
GR08,JETE,36.87401,-3.74214
GR09,PAMPANEIRA,36.95755,-3.34034
GR10,CHERÍN,37.11355,-3.02996
GR11,CANILES,37.25332,-2.77476
GR12,TORRECUEVAS,36.81804,-3.771283
GR13,SALERES,36.95643,-3.60148
GR14,ÓRGIVA,36.99176,-3.27062
GR15,EMBALSE DE BENINAR,36.8672,-3.12538
GR16,ZÚJAR,37.56712,-2.81881
GR17,RUBITE,36.81621,-3.31889
GR18,GÜEJAR SIERRA / HOTEL DEL DUQUE,37.05568,-3.36609
GR19,ALMEGÍJAR,36.94174,-3.27334
GR20,TORVIZCÓN,36.87123,-3.22675
GR20e,ÓRGIVA / LOS TABLONES,36.82413,-3.40128
GR21,PINOS GENIL,37.17466,-3.36821
GU01,MAJAELRAYO,41.20961,-3.41244
GU02,TERZAGA,40.66765,-1.8907
GU03,VILLARES DE JADRAQUE,41.16363,-3.07036
GU04,CORRALEJO,41.12939,-3.39407
GU05,VALLE DE TAJUÑA,40.61856,-2.95372
GU06,PUENTE RÍO TAJO,40.69751,-1.96533
GU07,PASTRANA (CM-2003),40.4365,-2.94745
GU08,UMBRALEJO / LA HUERCE,41.18568,-3.18737
GU09,POVEDA DE LA SIERRA,40.60288,-2.04097
HL01,ALMONÁSTER LA REAL,37.88417,-6.77756
HL02,ARROYO DEL SILLO,38.06134,-6.64926
HL03,FUENTE DEL REY,37.89711,-6.55753
HL04,EL REPILADO,37.95912,-6.81831
HL05,RIVERA DE CHANZA,38.01101,-6.9253
HL06,ARROYO MONTEMAYOR,38.033,-6.60916
HL07,SUR,37.88514,-6.66051
HU01,HOSPITAL DE TELLA,42.57434,0.18408
HU02,BONO,42.58219,0.69691
HU03,BOLTAÑA,42.40142,-0.03032
HU04,CAÑÓN DE AÑISCLO,42.58892,-0.02241
HU05,ARAGÜÉS DEL PUERTO,42.76321,-0.63361
HU06,NUENO (SUR),42.35363,-0.39476
HU07,SANTA CRUZ DE LA SERÓS,42.50792,-0.66538
HU08,VALLE DE HECHO,42.78715,-0.71178
HU09,A-2609 / SIN,42.58173,0.29456
HU10,ARGUIS,42.30043,-0.40266
HU11,BENASQUE,42.67881,0.64982
HU12,BIESCAS,42.61591,-0.20922
HU13,BENASQUE,42.56061,0.569
HU14,BIESCAS,42.80572,-0.41872
HU15,VILLANÚA,42.79575,-0.52534
HU16,PANTICOSA,42.75767,-0.23686
HU17,ESCALONA,42.56155,0.11029
IB01,ES MERCADAL,39.98528,4.11356
IB02,RANDA,39.52725,2.92723
IB03,PUIGPUNYENT,39.62802,2.49044
IB04,PORT DE VALLDEMOSSA,39.71522,2.60444
IB05,POLLENÇA,39.85585,2.90145
IB06,PUIGPUNYENT,39.63988,2.5564
IB07,PORT DE POLLENÇA,39.92857,3.11768
IB08,SÓLLER,39.79037,2.77447
IB09,SA CALOBRA,39.82755,2.81776
IB10,FELANITX,39.45556,3.18665
IB11,PUIG DEL MAR,38.9107,1.27321
IB12,SÓLLER,39.73048,2.68623
IB13,BUNYOLA,39.72709,2.73147
IB14,CAPDELLÀ,39.61278,2.50569
JA01,CAZORLA,37.94149,-2.93975
JA02,MOGÓN,38.07571,-2.91825
JA03,CORTIJOS NUEVOS,38.25407,-2.65816
JA04,CASTILLO DE LOCUBÍN,37.52571,-3.82874
JA05,QUESADA,37.78642,-3.03882
JA06,JAÉN,37.76825,-3.80195
JA07,CHARCO DEL ACEITE,38.16316,-2.87369
JA08,OTIÑAR / EMBALSE DE QUIEBRAJANO,37.61884,-3.76334
JA09,GARCÍEZ / JIMENA,37.78625,-3.48308
JA10,MOGÓN,38.15716,-3.034
JA11,LOS VILLARES,37.63084,-3.77492
JA12,CASILLAS DE MARTOS,37.60736,-4.01686
JA13,LA GUARDIA DE JAÉN,37.73965,-3.72063
JA14,LA TOBA,38.12883,-2.59168
JA15,HORNOS EL VIEJO,38.11081,-2.62747
JA16,JUNTAS DE MILLER,38.19516,-2.48364
LE01,TRUCHAS,42.20614,-6.55174
LE02,MOLINASECA,42.48868,-6.36152
LE03,RÍO CABRERA,42.29301,-6.67094
LE04,POMBRIEGO,42.39663,-6.73123
LE05,TEJEDO,42.86851,-6.81833
LE06,VEGACERVERA,42.90865,-5.55825
LE06e,PONFERRADA,42.45473,-6.63228
LE07,BENUZA,42.38041,-6.67527
LE08,RÍO CABRERA,42.39351,-6.62451
LE09,HERRERÍAS,42.7127,-7.02618
LE10,CAÍN,43.12482,-4.98162
LE11,PONFERRADA,42.42803,-6.54117
LE12,LA BAÑA,42.31366,-6.73145
LE13,PONFERRADA,42.36671,-6.46106
LE14,TURIENZO - CASTAÑEDO,42.5499,-6.41638
LE15,CAÍN,43.10664,-4.87656
LE16,MATARROSA DEL SIL,42.75646,-6.56976
LE17,CARUCEDO,42.4487,-6.75112
LL01,SOLSONA,42.17638,1.54109
LL02,BOÍ Y TAÜLL,42.47957,0.86725
LL03,MARTINET DE CERDANYA,42.43088,1.66693
LL04,AINET DE CARDÓS,42.67833,1.21929
LL05,C-13 / ESPOT,42.58219,1.01027
LL06,SENTERADA,42.35772,0.84204
LL07,TUIXENT,42.25031,1.65071
LL08,ESTERRI D'ANEU,42.66354,0.9831
LL09,VIELHA,42.71141,0.94767
LL10,RIALP / LLAVORSÍ,42.42897,1.21188
LL11,BOSSOST,42.76916,0.66022
LL12,PONTS,42.05482,1.08983
LL13,VILALLER,42.62427,0.76464
LL14,COLL DE NARGÓ,42.16967,1.18508
LL15,ADRALL,42.37024,1.23525
LL16,TORRE DE CAPDELLA,42.50719,0.99014
LL17,TUIXENT,42.21476,1.52688
LL18,ES BORDÈS,42.6785,0.70543
LL19,ORRIT / ODÉN,42.14368,1.50064
LL20,AGER,42.04827,0.74268
LL21,PONT D'ARROS,42.77655,0.83249
LP01,SAN NICOLÁS / CARRIZAL,27.95925,-15.62666
LP02,ARRIETA,29.11795,-13.52024
LP03,AGÜIMES,27.93715,-15.51216
LP04,ARUCAS,28.0059,-15.59952
LP05,CRUCE DE SARDINA,27.94914,-15.5659
LP06,CARRIZAL,27.96374,-15.57173
LP07,SANTA MARÍA DE GUÍA,28.02556,-15.61222
LP08,MOGÁN,27.91896,-15.68736
LP09,TUINEJE,28.4382,-14.05038
LP10,SAN NICOLÁS / ACUSA,28.05557,-15.68101
LR01,BRIEVA DE CAMEROS,42.16192,-2.75719
LR02,POSADAS,42.21697,-3.10111
LR03,VINIEGRA DE ABAJO,42.09636,-2.79023
LR04,LR-113,42.23081,-2.87
LR05,ROBRES DEL CASTILLO,42.24969,-2.36001
LR06,SANTURDE,42.31865,-2.92554
LR07,EZCARAY,42.25679,-2.97266
LR08,ALBERITE,42.35167,-2.41993
LR09,MEDRANO / DAROCA,42.32782,-2.61617
LR10,EZCARAY,42.31267,-2.96223
LR11,VALLE DEL IREGUA,42.23616,-2.56935
LR12,SAN VICENTE DE LA SONSIERRA,42.61831,-2.7318
LR13,VILLANUEVA DE CAMEROS,42.05554,-2.5377
LR14,JALÓN DE CAMEROS,42.13112,-2.56533
LU01,BALDOMIR,42.54517,-7.21458
LU02,A COVELA,42.41577,-7.37545
LU03,VIVEIRO,43.47938,-7.68395
LU04,VILANOVA,42.74033,-7.0008
LU05,RÍO NAVIA,43.13929,-6.95714
LU06,PONTE DO LOUZARÁ,42.66729,-7.21801
LU07,DOIRAS,42.72574,-6.98936
LU08,SEOANE DO COUREL,42.71248,-7.12623
LU09,SEOANE DO COUREL (CAMPING),42.61427,-7.097
LU10,NAVIA DE SUARNA,42.92213,-6.96187
LU11,QUIROGA,42.56619,-7.09144
LU12,PAN DO ZARCO,42.86851,-6.81833
LU13,LARXENTES,42.95559,-6.90783
LU14,AS NOGAIS,42.73691,-7.1149
LU15,SAN CLODIO,42.42646,-7.31795
LU16,RÍO EO / ACEBO,43.24444,-7.16809
LU17,CHAO DE POUSADOIRO,43.21267,-7.24883
LU18,SAN ROMÁN DE CERVANTES,42.83309,-6.95008
LU19,A TORRE / PEREIRO,43.4707,-7.5483
LU20,FREXULFE / O CADRAMÓN,43.49687,-7.55497
LU21,RÍO EO / SAN PAIO,43.27244,-7.12578
MA01,ZARZALEJO,40.57242,-4.20367
MA02,PONTÓN DE LA OLIVA,40.89473,-3.50278
MA02e,GUADARRAMA,40.67574,-4.16275
MA03,M-604 / CANENCIA,40.86835,-3.76379
MA04,MIRAFLORES DE LA SIERRA,40.82852,-3.8326
MA05,COLLADO VILLALBA,40.78493,-3.98006
MA06,LOZOYA,40.98652,-3.81401
MA07,EL PAULAR (RASCAFRÍA),40.82344,-3.96214
MA08,SAN LORENZO DEL ESCORIAL,40.61628,-4.17641
MA09,GUADARRAMA,40.71015,-4.14
MA10,LA PUEBLA DE LA SIERRA,41.04015,-3.48016
ML01,MARBELLA / OJÉN,36.57983,-4.88536
ML02,ESTACIÓN DE CÁRTAMA,36.81162,-4.62554
ML03,JIMENA DE LÍBAR,36.67979,-5.21068
ML04,PERIANA (SUR),36.97002,-4.2191
ML05,EL BURGO,36.78887,-5.04854
ML06,ESTACIÓN DE COLMENAR,36.59883,-5.37341
ML07,RÍO GENAL,36.52004,-5.32494
ML08,GAUCÍN,36.55674,-5.28976
ML09,VILLANUEVA DE LA CONCEPCIÓN,36.95269,-4.54461
ML10,MÁLAGA,36.81142,-4.36928
ML11,DESFILADERO DE LOS GAITANES,36.90019,-4.76947
ML12,RÍO DE LA MIEL,36.79121,-3.76713
ML13,RÍO GENAL / PUJERRA,36.61184,-5.07431
ML14,PUENTE DE DON MANUEL,36.95246,-4.12334
ML15,BENALMÁDENA,36.60422,-4.59592
ML16,RÍO DE LA CUEVA,36.89399,-4.31278
ML17,ESTEPONA,36.4833,-5.20014
ML18,COMARES,36.80281,-4.29177
ML19,RÍO GENAL,36.66196,-5.20325
MU01,CUESTAS DEL MARQUÉS,37.86437,-1.52917
MU02,LA GARAPACHA,38.27915,-1.16378
MU03,CARTAGENA,37.58119,-0.96502
MU04,LAS LIBRILLERAS,37.55763,-1.56468
MU05,SAN JOSÉ,37.9433,-1.0912
MU06,RM-424,38.50106,-1.02847
MU06e,MU-603,37.84418,-1.27099
MU07,TAZONA,38.23188,-2.03537
MU08,RICOTE,38.14752,-1.38483
MU09,MORATALLA,38.17702,-1.97794
MU10,ALHAMA DE MURCIA,37.86231,-1.57345
MU11,CAMPILLO DE ADENTRO,37.55179,-1.15196
MU12,CARAVACA DE LA CRUZ,38.1268,-1.91733
NA01,OTXAGABIA,42.97404,-0.99424
NA02,INDARTE ERREKA,43.2143,-1.44011
NA03,UHARTE - ARAKIL,42.95245,-1.96462
NA04,OIARTZUN,43.26482,-1.75917
NA05,ISABA (BELAGUA),42.969,-0.76825
NA06,OTXAGABIA,42.95724,-1.13524
NA07,LIZÁRRAGA,42.86203,-2.00876
NA08,ETXAURI,42.78591,-1.84429
NA09,ELIZONDO,43.17837,-1.54543
NA10,MUGAIRE,43.04906,-1.61464
NA11,OLAZAGUTIA,42.80217,-2.14841
NA12,BIGÜEZAL,42.64487,-1.19542
NA13,IRURITA,43.05015,-1.53886
NA14,ARNEGI,43.02198,-1.27639
NA15,ISABA,42.84612,-0.91693
OU01,FECES DE CIMA,41.84405,-7.3436
OU02,ALBARELLOS,42.00967,-7.54795
OU03,FONDEVILA,41.76747,-8.14662
OU04,LAZA,42.10953,-7.40823
OU05,A MEDUA,42.31366,-6.73145
OU06,PUENTE BIBEI / MANZANEDA,42.25827,-7.30003
OU07,CASTRELO DO VAL,42.0384,-7.35086
OU08,SOUTELO VERDE,42.11413,-7.54186
OU09,AS ERMITAS,42.24054,-7.09618
OU10,EMBALSE VIANA DO BOLO,42.13423,-7.0158
OU11,VILOIRA,42.34606,-6.96221
OU12,MONTEFURADO,42.41074,-7.28062
OU13,PETÍN,42.36116,-7.06458
OU14,A FRIEIRA / PONTEBARXAS,42.07172,-8.18349
PA01,SALCEDILLO,42.9674,-4.33714
PA02,AVIÑANTE,42.84907,-4.71187
PA03,VENTANILLA,42.90948,-4.64488
PO01,MARCÓN,42.3944,-8.59306
PO02,FILGUEIRA,42.20692,-8.22612
PO03,PONTEAREAS,42.22895,-8.31657
PO04,MARÍN / SAN XULIÁN,42.35332,-8.67546
PO05,BAIONA,42.07066,-8.83037
PO06,CERDEDO,42.49346,-8.36444
PO07,CATOIRA,42.6321,-8.698
PO08,PALMÁS,42.31577,-8.70462
PO09,VIGO / FREIXO,42.17022,-8.735
PO10,MONDÁRIZ / COVELO,42.26488,-8.29705
PO11,REBORDANS / SAN FINS,42.08457,-8.68039
PO12,ARBO / CABEIRAS,42.12192,-8.35308
PO13,RÍO DEVA,42.16655,-8.3523
PO14,RÍO TERMES,42.13395,-8.41306
PR01,AMARANTE,41.24822,-7.88527
PR02,PUENTE CARRASQUEIRA,37.31634,-8.59416
PR03,FUNCHAL,,
PR04,SEIA,40.40484,-7.57443
PR05,SERRA DE AGUA,32.74514,-17.05735
PR06,VILAR,39.17386,-9.0604
PR07,COVILHA,40.32212,-7.61276
PR08,SAO VICENTE,32.75434,-17.01882
PR09,LOUSA,40.09079,-8.17845
PR10,MODEIM DE BASTO,41.41605,-7.91617
PR11,VILA REAL,41.35072,-7.79296
PR12,CELORICO DE BASTO,41.41241,-8.06357
PR13,FUNCHAL,32.71041,-16.96223
PR14,LAGOA,,
PR15,HORTA,,
PR16,PONTA DELGADA,,
PR17,SANTANA,,
PR18,CAMPO DE BESTEIROS,40.5487,-8.20188
PR19,RIBA DO MOURO,42.01005,-8.29273
PR20,SÁ / SAN GREGORIO,42.05428,-8.17229
PR21,ESTRADA N-221,41.04239,-6.86007
SA01,RÍO AMBROZ,40.31509,-5.90996
SA02,PRESA,41.04133,-6.76818
SA03,BÉJAR,40.3359,-5.73229
SA04,PRESA,41.20688,-6.63916
SA05,ABADÍA,40.32135,-5.97631
SA06,EL CABACO,40.51284,-6.16799
SA07,LAS MESTAS,40.47243,-6.11954
SA08,BÉJAR,40.35546,-5.69015
SA09,LA REGAJERA,40.48972,-6.09212
SC01,LOS CANCAJOS / SAN ANTONIO,28.61223,-17.83305
SC02,TIERRA DEL TRIGO,28.32494,-16.79681
SC03,TAGANANA,28.55036,-16.19974
SC04,SANTA CRUZ DE TENERIFE,28.2548,-16.62585
SC05,SANTA CRUZ DE LA PALMA,28.75444,-17.88527
SC06,LA LAGUNA,28.53311,-16.2641
SC07,GARACHICO,28.31419,-16.80506
SC08,FRONTERA,27.73814,-17.9913
SC09,SAN SEBASTIÁN DE LA GOMERA,28.10942,-17.24836
SC10,BARRANCO DE LAS ANGUSTIAS,28.69792,-17.85652
SC11,BUENAVISTA DEL NORTE,28.29971,-16.82395
SC12,EL PALMAR,28.33787,-16.86243
SC13,REALEJO ALTO,28.34328,-16.58248
SC14,EL PUERTITO,28.16005,-16.71637
SC15,RICASA - LA CONCEPCIÓN,28.17235,-16.72816
SC16,VALLE GRAN REY,28.15505,-17.29984
SE01,LA PRADERA DE NAVALHORNO,40.78889,-4.0037
SE02,RIAZA,41.20524,-3.47267
SE03,NAVAFRÍA,40.98652,-3.81401
SE04,RIAZA,41.20961,-3.41244
SE05,PUENTE DE LA CANTINA,40.81253,-4.05667
SE06,LA PRADERA DE NAVALHORNO,40.87101,-3.97986
SO01,MONTENEGRO DE CAMEROS,42.09636,-2.79023
SO02,NAVALENO,41.90726,-3.02537
SO03,DURUELO DE LA SIERRA,41.98837,-2.92183
SO04,SANTA INÉS,41.99863,-2.84332
SO05,SAN PEDRO MANRIQUE,41.99568,-2.34505
SO06,PINAR GRANDE,41.91442,-2.94477
SO07,DEZA,41.50786,-2.05258
SO08,PÓVEDA DE SORIA,42.05554,-2.5377
SO09,MONTENEGRO DE CAMEROS,42.03855,-2.78499
SV01,CONSTANTINA,37.9195,-5.58908
SV02,RÍO VIAR,37.70954,-5.92438
SV03,KUNG FU,37.64467,-6.15381
SV04,ALGÁMITAS,37.01853,-5.17473
SV05,EL RUBIO / MARINALEDA,37.2734,-4.86708
TA01,LES BORGES DEL CAMP,41.24324,0.97467
TA02,RIUDECANYES,41.12804,0.91698
TA03,L'ESPLUGA DE FRANCOLÍ,41.33148,0.99327
TA04,QUEROL,41.40889,1.41704
TA05,TORTOSA,40.80322,0.34398
TA06,MONTBLANC,41.33841,1.11348
TA07,RIUDECANYES,41.17086,0.90608
TA08,SANT JAUME DELS DOMENYS,41.33695,1.5274
TA09,RIERA DEL COMTE (C-42),40.95172,0.57762
TA10,PRATDIP,41.08555,0.84257
TA11,VILAPLANA,41.25064,1.06232
TA12,PRATDIP,41.04211,0.79861
TE01,VIRGEN DE LA VEGA,40.37986,-0.63343
TE02,NOGUERA,40.4872,-1.57601
TE03,VALACLOCHE / DIRECTA,40.11561,-1.01772
TE04,ORIHUELA DE TREMEDAL,40.5284,-1.65053
TE05,TE-V-9024,40.63776,-1.48839
TE06,PUENTE RÍO GUADALOPE,40.73759,-0.53884
TE07,OLBA,40.17496,-0.62142
TE08,ALIAGA,40.75184,-0.59646
TE09,PUENTE RÍO PITARQUE,40.54241,-0.49295
TE10,ARROYO DE LAS DUEÑAS,40.01657,-1.14287
TE10e,VILLAR DEL COBO,40.42711,-1.72705
TE11,RÍO MARTÍN,40.77586,-0.86024
TE12,VILLAR DEL COBO,40.36657,-1.73418
TE13,TERUEL,40.42217,-0.93959
TE14,PUENTE RÍO PITARQUE,40.65115,-0.61844
TE15,FORTANETE,40.46546,-0.55769
TO02,SAN ROMÁN DE LOS MONTES,40.13707,-4.7247
TO03,RETUERTA DE BULLAQUE,39.52387,-4.35797
TOO1,RÍO MAJADILLAS,39.58488,-4.5273
VA01,GANDÍA,39.00935,-0.26683
VA02,NÁQUERA,39.69123,-0.4002
VA03,VALLADA,38.86006,-0.66723
VA04,VILLALONGA,38.8624,-0.27616
VA05,CHELVA,39.78907,-0.98467
VA06,CORTES DE PALLÁS,39.229181,-0.968131
VA06e,UTIEL,39.63979,-1.1387
VA07,CASINOS / CAMINO DEL BISBE,39.85851,-0.74984
VA08,ADEMUZ,40.01657,-1.14287
VA09,OLOCAU,39.79717,-0.53572
VA10,SEGART,39.6966,-0.38703
VD01,TUDELA DE DUERO,41.56014,-4.55776
VD02,RENEDO DE ESGUEVA,41.64375,-4.59871
VD03,GRANJA MUEDRA,41.74493,-4.59491
ZA01,MURERO,41.09919,-1.55244
ZA02,PURUJOSA,41.71611,-1.81017
ZA03,CARIÑENA,41.33007,-1.34434
ZA04,MORÉS,41.47427,-1.63681
ZA05,MONASTERIO DE VERUELA,41.79264,-1.82069
ZA06,SOS DEL REY CATÓLICO,42.46299,-1.21654
ZA07,MORATA DE JILOCA,41.11292,-1.60193
ZA08,TOSOS,41.32222,-1.08482
ZA09,DAROCA,41.0677,-1.47747
ZA10,HERRERA DE LOS NAVARROS,41.16823,-1.1061
ZM01,PUENTE RÍO TORMES,41.31418,-6.3945
ZM02,HERMISENDE,42.02674,-6.97327
ZM02e,EL PUENTE,42.11005,-6.59092
ZM03,SAN MARTÍN,42.16955,-6.7345
ZM04,VILLARINO DE MANZANAS,41.92434,-6.48674
ZM05,DONEY DE LA REQUEJADA,42.20614,-6.55174
ZM06,LUBIÁN,42.06608,-6.84275
ZM07,LUBIÁN,42.08434,-6.89279